"country","iso_code","region","income_group","gavi_status","predicts_2020","predicts_lower","predicts_upper","actuals_2020","cov_delta_mean","cov_delta_high","cov_delta_low","confidence_95_level","ci_width"
"Afghanistan","AFG","South Asia","Low income","Initial self-financing",0.736077137907447,0.667944748829991,0.804209526984904,0.7,-0.0360771379074472,-0.104209526984904,0.0320552511700093,FALSE,0.136264778154913
"Andorra","AND","Western Europe","High income","Never Gavi",0.982362935189194,0.95329841273388,1.01142745764451,0.99,0.00763706481080573,-0.0214274576445088,0.0367015872661202,FALSE,0.058129044910629
"Angola","AGO","Eastern & Southern Africa","Lower middle income","Fully self-financing",0.57,0.493427820441531,0.646572179558469,0.51,-0.0599999999999999,-0.136572179558469,0.0165721795584689,FALSE,0.153144359116938
"Antigua and Barbuda","ATG","Latin America & Caribbean","High income","Never Gavi",0.961364931050415,0.925405214711406,0.997324647389424,0.96,-0.00136493105041491,-0.0373246473894236,0.0345947852885938,FALSE,0.0719194326780175
"Argentina","ARG","Latin America & Caribbean","Upper middle income","Never Gavi",0.853462021279641,0.789474590063481,0.917449452495801,0.74,-0.113462021279641,-0.177449452495801,-0.0494745900634809,TRUE,0.12797486243232
"Australia","AUS","East Asia & Pacific","High income","Never Gavi",0.95,0.935081420482975,0.964918579517025,0.95,0,-0.0149185795170247,0.0149185795170247,FALSE,0.0298371590340494
"Austria","AUT","Western Europe","High income","Never Gavi",0.85,0.790008558774036,0.909991441225964,0.85,0,-0.0599914412259638,0.0599914412259638,FALSE,0.119982882451928
"Azerbaijan","AZE","Eastern Europe & Central Asia","Upper middle income","Fully self-financing",0.949473684210536,0.910560459327167,0.988386909093906,0.79,-0.159473684210536,-0.198386909093906,-0.120560459327167,TRUE,0.0778264497667391
"Bahrain","BHR","Middle East & North Africa","High income","Never Gavi",0.9815,0.965570829770229,0.99742917022977,0.98,-0.00149999999999961,-0.0174291702297701,0.0144291702297709,FALSE,0.0318583404595409
"Bangladesh","BGD","South Asia","Lower middle income","Preparatory transition phase",0.98,0.91063092493698,1.04936907506302,0.98,0,-0.0693690750630196,0.0693690750630196,FALSE,0.138738150126039
"Barbados","BRB","Latin America & Caribbean","High income","Never Gavi",0.9055,0.826721971236563,0.984278028763437,0.85,-0.0555,-0.134278028763437,0.0232780287634373,FALSE,0.157556057526875
"Belarus","BLR","Eastern Europe & Central Asia","Upper middle income","Never Gavi",0.954999999999999,0.743953312947745,1.16604668705225,0.97,0.0150000000000006,-0.196046687052254,0.226046687052255,FALSE,0.42209337410451
"Belize","BLZ","Latin America & Caribbean","Lower middle income","Never Gavi",0.95,0.896042410895225,1.00395758910477,0.79,-0.16,-0.213957589104775,-0.106042410895224,TRUE,0.10791517820955
"Benin","BEN","West & Central Africa","Lower middle income","Initial self-financing",0.757000000000054,0.703759111149605,0.810240888850503,0.72,-0.037000000000054,-0.0902408888505031,0.0162408888503951,FALSE,0.106481777700898
"Bhutan","BTN","South Asia","Lower middle income","Fully self-financing",0.97,0.9043749388819,1.0356250611181,0.95,-0.02,-0.0856250611180998,0.0456250611180997,FALSE,0.131250122236199
"Bolivia (Plurinational State of)","BOL","Latin America & Caribbean","Lower middle income","Fully self-financing",0.76648183882503,0.67764117508634,0.855322502563721,0.68,-0.0864818388250304,-0.175322502563721,0.00235882491365991,FALSE,0.177681327477381
"Botswana","BWA","Eastern & Southern Africa","Upper middle income","Never Gavi",0.95,0.943626096836859,0.956373903163141,0.95,0,-0.00637390316314068,0.00637390316314068,FALSE,0.0127478063262814
"Brazil","BRA","Latin America & Caribbean","Upper middle income","Never Gavi",0.633948225377901,0.546019278109886,0.721877172645916,0.77,0.136051774622099,0.0481228273540838,0.223980721890114,TRUE,0.17585789453603
"Brunei Darussalam","BRN","East Asia & Pacific","High income","Never Gavi",0.984364392050377,0.947079994304383,1.02164878979637,0.99,0.00563560794962337,-0.0316487897963698,0.0429200056956165,FALSE,0.0745687954919863
"Bulgaria","BGR","Eastern Europe & Central Asia","Upper middle income","Never Gavi",0.93,0.89079848988429,0.96920151011571,0.91,-0.02,-0.0592015101157101,0.01920151011571,FALSE,0.0784030202314201
"Burkina Faso","BFA","West & Central Africa","Low income","Initial self-financing",0.91,0.840700995012432,0.979299004987567,0.91,1.11022302462516e-16,-0.0692990049875674,0.0692990049875676,FALSE,0.138598009975135
"Burundi","BDI","Eastern & Southern Africa","Low income","Initial self-financing",0.93,0.871199980144535,0.988800019855466,0.93,0,-0.0588000198554655,0.0588000198554655,FALSE,0.117600039710931
"Cabo Verde","CPV","West & Central Africa","Lower middle income","Never Gavi",0.953835617568708,0.904112701601977,1.00355853353544,0.93,-0.0238356175687079,-0.0735585335354388,0.0258872983980232,FALSE,0.099445831933462
"Cambodia","KHM","East Asia & Pacific","Lower middle income","Preparatory transition phase",0.92,0.802144254501716,1.03785574549828,0.92,0,-0.117855745498284,0.117855745498284,FALSE,0.235711490996567
"Cameroon","CMR","West & Central Africa","Lower middle income","Preparatory transition phase",0.673630709144715,0.594711688813298,0.752549729476133,0.69,0.0163692908552846,-0.0625497294761327,0.0952883111867019,FALSE,0.157838040662835
"Canada","CAN","North America","High income","Never Gavi",0.908973150079904,0.879701945520536,0.938244354639273,0.91,0.00102684992009594,-0.0282443546392726,0.0302980544794644,FALSE,0.058542409118737
"Central African Republic","CAF","West & Central Africa","Low income","Initial self-financing",0.438499999999842,0.313683585460941,0.563316414538742,0.42,-0.0184999999998418,-0.143316414538742,0.106316414539059,FALSE,0.249632829077801
"Chad","TCD","West & Central Africa","Low income","Initial self-financing",0.5,0.357951437481445,0.642048562518555,0.52,0.02,-0.122048562518555,0.162048562518555,FALSE,0.28409712503711
"Chile","CHL","Latin America & Caribbean","High income","Never Gavi",0.945872191038717,0.906593334021367,0.985151048056067,0.93,-0.0158721910387172,-0.055151048056067,0.0234066659786326,FALSE,0.0785577140346996
"China","CHN","East Asia & Pacific","Upper middle income","Never Gavi",0.99,0.965465425151795,1.0292714169532,0.99,0,-0.0392714169532031,0.0245345748482053,FALSE,0.0638059918014084
"Colombia","COL","Latin America & Caribbean","Upper middle income","Never Gavi",0.927523357191832,0.860520709252063,0.994526005131601,0.88,-0.0475233571918321,-0.114526005131601,0.0194792907479372,FALSE,0.134005295879539
"Comoros","COM","Eastern & Southern Africa","Lower middle income","Initial self-financing",0.91,0.783857913968004,1.036142086032,0.87,-0.04,-0.166142086031996,0.0861420860319962,FALSE,0.252284172063993
"Congo","COG","West & Central Africa","Lower middle income","Initial self-financing",0.79,0.64625360236836,0.93374639763164,0.73,-0.0600000000000001,-0.20374639763164,0.0837463976316404,FALSE,0.287492795263281
"Costa Rica","CRI","Latin America & Caribbean","Upper middle income","Never Gavi",0.95,0.887531848088232,1.01246815191177,0.95,0,-0.0624681519117678,0.0624681519117678,FALSE,0.124936303823536
"Cote d'Ivoire","CIV","West & Central Africa","Lower middle income","Preparatory transition phase",0.84,0.690395061567303,0.989604938432697,0.8,-0.0399999999999999,-0.189604938432697,0.109604938432697,FALSE,0.299209876865395
"Cuba","CUB","Latin America & Caribbean","Upper middle income","Fully self-financing",0.99,0.846253044263249,1.13374695573675,0.99,0,-0.143746955736751,0.143746955736751,FALSE,0.287493911473503
"Democratic People's Republic of Korea","PRK","East Asia & Pacific","Low income","Initial self-financing",0.97,0.912670460444613,1.02732953955539,0.97,1.11022302462516e-16,-0.0573295395553868,0.057329539555387,FALSE,0.114659079110774
"Democratic Republic of the Congo","COD","West & Central Africa","Low income","Initial self-financing",0.57,0.429886086546371,0.710113913453629,0.57,0,-0.140113913453629,0.140113913453629,FALSE,0.280227826907257
"Denmark","DNK","Western Europe","High income","Never Gavi",0.965550359545163,0.926054636929182,1.00504608216114,0.97,0.00444964045483676,-0.035046082161144,0.0439453630708175,FALSE,0.0789914452319616
"Djibouti","DJI","Eastern & Southern Africa","Lower middle income","Preparatory transition phase",0.85,0.710319615013602,0.989680384986398,0.7,-0.15,-0.289680384986398,-0.0103196150136021,TRUE,0.279360769972796
"Dominica","DMA","Latin America & Caribbean","Upper middle income","Never Gavi",0.9725,0.931350581878314,1.01364941812169,0.97,-0.00249999999999972,-0.0436494181216855,0.0386494181216862,FALSE,0.0822988362433718
"Dominican Republic","DOM","Latin America & Caribbean","Upper middle income","Never Gavi",0.889573064145396,0.801059288780774,0.978086839510019,0.82,-0.0695730641453963,-0.158086839510019,0.0189407112192261,FALSE,0.177027550729245
"Ecuador","ECU","Latin America & Caribbean","Upper middle income","Never Gavi",0.852239524825842,0.805831032313963,0.898648017337722,0.7,-0.152239524825842,-0.198648017337722,-0.105831032313963,TRUE,0.092816985023759
"Egypt","EGY","Middle East & North Africa","Lower middle income","Never Gavi",0.945972593840127,0.920758139361612,0.971187048318643,0.94,-0.00597259384012749,-0.0311870483186433,0.0192418606383883,FALSE,0.0504289089570316
"El Salvador","SLV","Latin America & Caribbean","Lower middle income","Never Gavi",0.87327205673004,0.77491451639465,0.97162959706543,0.72,-0.15327205673004,-0.25162959706543,-0.0549145163946504,TRUE,0.196715080670779
"Equatorial Guinea","GNQ","West & Central Africa","Upper middle income","Never Gavi",0.53,0.442810152016495,0.617189847983505,0.53,0,-0.0871898479835049,0.0871898479835049,FALSE,0.17437969596701
"Eritrea","ERI","Eastern & Southern Africa","Low income","Initial self-financing",0.948269170818936,0.911476963278648,0.985061378359223,0.95,0.00173082918106437,-0.0350613783592233,0.038523036721352,FALSE,0.0735844150805753
"Estonia","EST","Western Europe","High income","Never Gavi",0.91,0.894418173441224,0.925581826558776,0.91,0,-0.015581826558776,0.015581826558776,FALSE,0.0311636531175521
"Eswatini","SWZ","Eastern & Southern Africa","Lower middle income","Never Gavi",0.9,0.855485657560597,0.944514342439403,0.83,-0.0700000000000001,-0.114514342439403,-0.0254856575605974,TRUE,0.0890286848788053
"Ethiopia","ETH","Eastern & Southern Africa","Low income","Initial self-financing",0.7,0.657659741206963,0.742340258793037,0.71,0.0099999999999999,-0.0323402587930371,0.0523402587930369,FALSE,0.0846805175860741
"Finland","FIN","Western Europe","High income","Never Gavi",0.91,0.879500236769494,0.940499763230506,0.91,0,-0.0304997632305058,0.0304997632305058,FALSE,0.0609995264610117
"Gabon","GAB","West & Central Africa","Upper middle income","Never Gavi",0.7,0.510987809984969,0.889012190015031,0.63,-0.07,-0.259012190015031,0.119012190015031,FALSE,0.378024380030062
"Georgia","GEO","Eastern Europe & Central Asia","Upper middle income","Fully self-financing",0.94,0.850069965394403,1.0299300346056,0.88,-0.0599999999999999,-0.149930034605597,0.0299300346055971,FALSE,0.179860069211194
"Ghana","GHA","West & Central Africa","Lower middle income","Preparatory transition phase",0.97,0.874933213473776,1.06506678652622,0.94,-0.03,-0.125066786526224,0.0650667865262242,FALSE,0.190133573052448
"Greece","GRC","Western Europe","High income","Never Gavi",0.99,0.979358798823176,1.00064192329969,0.99,0,-0.0106419232996859,0.0106412011768241,FALSE,0.02128312447651
"Grenada","GRD","Latin America & Caribbean","Upper middle income","Never Gavi",0.9545,0.88214321725975,1.02685678274025,0.72,-0.2345,-0.30685678274025,-0.16214321725975,TRUE,0.1447135654805
"Guatemala","GTM","Latin America & Caribbean","Upper middle income","Never Gavi",0.849349433118314,0.746658618519299,0.952040247717329,0.83,-0.0193494331183139,-0.122040247717329,0.0833413814807008,FALSE,0.205381629198029
"Guinea","GIN","West & Central Africa","Low income","Initial self-financing",0.477674997307448,0.401160407036986,0.55418958757791,0.47,-0.00767499730744781,-0.0841895875779097,0.0688395929630141,FALSE,0.153029180540924
"Guyana","GUY","Latin America & Caribbean","Upper middle income","Fully self-financing",0.987620088083278,0.944284459286915,1.03095571687964,0.99,0.00237991191672171,-0.0409557168796413,0.0457155407130847,FALSE,0.086671257592726
"Haiti","HTI","Latin America & Caribbean","Lower middle income","Initial self-financing",0.38,0.314341536594615,0.445658463405385,0.51,0.13,0.0643415365946152,0.195658463405385,TRUE,0.13131692681077
"Honduras","HND","Latin America & Caribbean","Lower middle income","Fully self-financing",0.897097281436777,0.850801511276644,0.94339305159691,0.8,-0.0970972814367769,-0.14339305159691,-0.0508015112766441,TRUE,0.0925915403202655
"India","IND","South Asia","Lower middle income","Accelerated transition phase",0.927368421052628,0.892894537057284,0.961842305047972,0.85,-0.0773684210526281,-0.111842305047972,-0.0428945370572842,TRUE,0.0689477679906878
"Indonesia","IDN","East Asia & Pacific","Lower middle income","Fully self-financing",0.85,0.793122707357008,0.906877292642992,0.77,-0.08,-0.136877292642992,-0.0231227073570076,TRUE,0.113754585285985
"Iran (Islamic Republic of)","IRN","Middle East & North Africa","Lower middle income","Never Gavi",0.984999999999989,0.963435707770769,1.00656429222921,0.99,0.00500000000001111,-0.0165642922292086,0.0265642922292307,FALSE,0.0431285844584394
"Iraq","IRQ","Middle East & North Africa","Upper middle income","Never Gavi",0.812766358484008,0.700566602104267,0.924966114863749,0.74,-0.0727663584840079,-0.184966114863749,0.0394333978957331,FALSE,0.224399512759482
"Ireland","IRL","Western Europe","High income","Never Gavi",0.943548924548465,0.922064089681332,0.965033759415599,0.94,-0.00354892454846545,-0.0250337594155988,0.0179359103186679,FALSE,0.0429696697342667
"Israel","ISR","Middle East & North Africa","High income","Never Gavi",0.98,0.946650695589806,1.01334930441019,0.98,0,-0.0333493044101945,0.0333493044101945,FALSE,0.0666986088203889
"Italy","ITA","Western Europe","High income","Never Gavi",0.95557327371595,0.918836510176721,0.992310037255179,0.94,-0.01557327371595,-0.0523100372551788,0.0211634898232789,FALSE,0.0734735270784577
"Jamaica","JAM","Latin America & Caribbean","Upper middle income","Never Gavi",0.9475,0.887890022570529,1.00710997742947,0.96,0.0125000000000001,-0.047109977429471,0.0721099774294712,FALSE,0.119219954858942
"Japan","JPN","East Asia & Pacific","High income","Never Gavi",0.974766656281896,0.923967855187422,1.02556545737637,0.96,-0.0147666562818962,-0.0655654573763702,0.0360321448125778,FALSE,0.101597602188948
"Jordan","JOR","Middle East & North Africa","Upper middle income","Never Gavi",0.966999999999986,0.915300419624219,1.01869958037575,0.77,-0.196999999999986,-0.248699580375752,-0.145300419624219,TRUE,0.103399160751533
"Kazakhstan","KAZ","Eastern Europe & Central Asia","Upper middle income","Never Gavi",0.9595,0.860073187710801,1.0589268122892,0.88,-0.0794999999999998,-0.178926812289198,0.0199268122891988,FALSE,0.198853624578397
"Kenya","KEN","Eastern & Southern Africa","Lower middle income","Preparatory transition phase",0.91,0.810161577153103,1.0098384228469,0.89,-0.02,-0.119838422846897,0.0798384228468974,FALSE,0.199676845693795
"Kiribati","KIR","East Asia & Pacific","Lower middle income","Fully self-financing",0.926815411575038,0.768847143919512,1.08478367923056,0.92,-0.00681541157503818,-0.164783679230564,0.151152856080488,FALSE,0.315936535311052
"Kyrgyzstan","KGZ","Eastern Europe & Central Asia","Lower middle income","Preparatory transition phase",0.953469585030834,0.918863496417943,0.988075673643726,0.87,-0.0834695850308345,-0.118075673643726,-0.0488634964179431,TRUE,0.0692121772257828
"Lao People's Democratic Republic","LAO","East Asia & Pacific","Lower middle income","Accelerated transition phase",0.8,0.706003149653334,0.893996850346666,0.79,-0.01,-0.103996850346666,0.0839968503466658,FALSE,0.187993700693332
"Latvia","LVA","Western Europe","High income","Never Gavi",0.981638022303634,0.945717777033122,1.01755826757415,0.99,0.00836197769636571,-0.0275582675741468,0.0442822229668781,FALSE,0.0718404905410249
"Lebanon","LBN","Middle East & North Africa","Upper middle income","Never Gavi",0.83,0.807832698145348,0.852167301854652,0.71,-0.12,-0.142167301854652,-0.0978326981453477,TRUE,0.0443346037093046
"Lesotho","LSO","Eastern & Southern Africa","Lower middle income","Preparatory transition phase",0.878188658631,0.823917506264427,0.932459810997573,0.87,-0.00818865863099982,-0.0624598109975726,0.0460824937355729,FALSE,0.108542304733146
"Liberia","LBR","West & Central Africa","Low income","Initial self-financing",0.7,0.512221963172504,0.887778036827496,0.65,-0.0499999999999999,-0.237778036827496,0.137778036827496,FALSE,0.375556073654992
"Libya","LBY","Middle East & North Africa","Upper middle income","Never Gavi",0.764661280605685,0.656549034041025,0.872773527170344,0.73,-0.034661280605685,-0.142773527170344,0.0734509659589745,FALSE,0.216224493129319
"Lithuania","LTU","Western Europe","High income","Never Gavi",0.931993907379336,0.909664432745606,0.954323382013065,0.91,-0.0219939073793357,-0.0443233820130651,0.000335567254393654,FALSE,0.0446589492674587
"Luxembourg","LUX","Western Europe","High income","Never Gavi",0.9895,0.985117387297117,0.993882612702883,0.99,0.000499999999999945,-0.00388261270288293,0.00488261270288282,FALSE,0.00876522540576574
"Madagascar","MDG","Eastern & Southern Africa","Low income","Initial self-financing",0.697013487417753,0.599927380759949,0.794099594075556,0.68,-0.0170134874177527,-0.114099594075556,0.0800726192400509,FALSE,0.194172213315607
"Malawi","MWI","Eastern & Southern Africa","Low income","Initial self-financing",0.889,0.733770956622442,1.04422904337756,0.94,0.0509999999999999,-0.104229043377558,0.206229043377558,FALSE,0.310458086755117
"Malaysia","MYS","East Asia & Pacific","Upper middle income","Never Gavi",0.978693443582734,0.951118411849984,1.00626847531548,0.98,0.00130655641726629,-0.0262684753154832,0.0288815881500157,FALSE,0.0551500634654989
"Maldives","MDV","South Asia","Upper middle income","Never Gavi",0.978899699581268,0.960851990122655,0.99694740903988,0.99,0.0111003004187321,-0.00694740903988034,0.0291480098773446,FALSE,0.0360954189172249
"Mali","MLI","West & Central Africa","Low income","Initial self-financing",0.754712832452493,0.674405858392228,0.835019806512758,0.7,-0.0547128324524929,-0.135019806512758,0.0255941416077718,FALSE,0.16061394812053
"Malta","MLT","Western Europe","High income","Never Gavi",0.965762734730867,0.861760398091819,1.06976507136991,0.98,0.0142372652691332,-0.0897650713699143,0.118239601908181,FALSE,0.208004673278095
"Mauritania","MRT","West & Central Africa","Lower middle income","Preparatory transition phase",0.7415,0.579967948739401,0.903032051260599,0.71,-0.0314999999999999,-0.193032051260599,0.130032051260599,FALSE,0.323064102521198
"Mauritius","MUS","Eastern & Southern Africa","Upper middle income","Never Gavi",0.958746533380357,0.901466115593037,1.01602695116768,0.93,-0.0287465333803567,-0.0860269511676767,0.0285338844069633,FALSE,0.11456083557464
"Mexico","MEX","Latin America & Caribbean","Upper middle income","Never Gavi",0.82,0.726649926113719,0.913350073886281,0.74,-0.08,-0.173350073886281,0.0133500738862806,FALSE,0.186700147772561
"Micronesia (Federated States of)","FSM","East Asia & Pacific","Lower middle income","Never Gavi",0.8025,0.657510766119892,0.947489233880108,0.83,0.0275000000000001,-0.117489233880108,0.172489233880108,FALSE,0.289978467760216
"Mongolia","MNG","East Asia & Pacific","Lower middle income","Fully self-financing",0.977852256655002,0.949614502250804,1.0060900110592,0.96,-0.0178522566550021,-0.0460900110592,0.0103854977491957,FALSE,0.0564755088083957
"Mozambique","MOZ","Eastern & Southern Africa","Low income","Initial self-financing",0.88,0.820346810401072,0.939653189598928,0.79,-0.09,-0.149653189598927,-0.0303468104010725,TRUE,0.119306379197855
"Myanmar","MMR","East Asia & Pacific","Lower middle income","Preparatory transition phase",0.9,0.786960002313465,1.01303999768653,0.84,-0.0600000000000001,-0.173039997686535,0.0530399976865349,FALSE,0.22607999537307
"Nauru","NRU","East Asia & Pacific","High income","Never Gavi",0.96,0.663642245408498,1.2563577545915,0.95,-0.01,-0.306357754591502,0.286357754591502,FALSE,0.592715509183003
"Nepal","NPL","South Asia","Lower middle income","Initial self-financing",0.947509292037551,0.866944471169995,1.02807411290511,0.84,-0.107509292037551,-0.188074112905107,-0.0269444711699953,TRUE,0.161129641735111
"New Zealand","NZL","East Asia & Pacific","High income","Never Gavi",0.92,0.895368518175422,0.944631481824578,0.92,0,-0.0246314818245776,0.0246314818245776,FALSE,0.0492629636491553
"Nicaragua","NIC","Latin America & Caribbean","Lower middle income","Accelerated transition phase",0.98,0.922240645815754,1.03775935418425,0.92,-0.0599999999999999,-0.117759354184245,-0.00224064581575445,TRUE,0.115518708368491
"Niger","NER","West & Central Africa","Low income","Initial self-financing",0.834736842105367,0.755157874421085,0.914315809789649,0.81,-0.0247368421053666,-0.104315809789649,0.0548421255789154,FALSE,0.159157935368564
"Nigeria","NGA","West & Central Africa","Lower middle income","Accelerated transition phase",0.57,0.462460101012625,0.677539898987375,0.57,0,-0.107539898987375,0.107539898987375,FALSE,0.21507979797475
"Norway","NOR","Western Europe","High income","Never Gavi",0.97,0.945782409439516,0.994217590560484,0.97,0,-0.0242175905604838,0.0242175905604838,FALSE,0.0484351811209676
"Pakistan","PAK","South Asia","Lower middle income","Preparatory transition phase",0.84,0.763824577328513,0.916175422671486,0.77,-0.07,-0.146175422671486,0.00617542267148652,FALSE,0.152350845342973
"Palau","PLW","East Asia & Pacific","High income","Never Gavi",0.945618704250238,0.734054554446713,1.15718285405376,0.96,0.014381295749762,-0.197182854053763,0.225945445553287,FALSE,0.42312829960705
"Panama","PAN","Latin America & Caribbean","Upper middle income","Never Gavi",0.88,0.779656291046609,0.980343708953391,0.74,-0.14,-0.240343708953391,-0.0396562910466094,TRUE,0.200687417906781
"Papua New Guinea","PNG","East Asia & Pacific","Lower middle income","Accelerated transition phase",0.35,0.230694986608318,0.469305013391682,0.39,0.04,-0.0793050133916816,0.159305013391682,FALSE,0.238610026783363
"Paraguay","PRY","Latin America & Caribbean","Upper middle income","Never Gavi",0.880554932716614,0.829888992973964,0.931220872459264,0.79,-0.0905549327166137,-0.141220872459264,-0.039888992973964,TRUE,0.1013318794853
"Philippines","PHL","East Asia & Pacific","Lower middle income","Never Gavi",0.795118189239116,0.632993199925837,0.957243178552394,0.71,-0.0851181892391156,-0.247243178552395,0.0770068000741633,FALSE,0.324249978626558
"Qatar","QAT","Middle East & North Africa","High income","Never Gavi",0.949,0.862532133382799,1.0354678666172,0.82,-0.129,-0.2154678666172,-0.0425321333827995,TRUE,0.1729357332344
"Republic of Moldova","MDA","Eastern Europe & Central Asia","Upper middle income","Fully self-financing",0.91,0.85641672385461,0.96358327614539,0.86,-0.05,-0.10358327614539,0.00358327614538967,FALSE,0.107166552290779
"Romania","ROU","Eastern Europe & Central Asia","Upper middle income","Never Gavi",0.88,0.82814231654896,0.93185768345104,0.87,-0.01,-0.0618576834510399,0.0418576834510399,FALSE,0.10371536690208
"Russian Federation","RUS","Eastern Europe & Central Asia","Upper middle income","Never Gavi",0.969988955661013,0.960255646998598,0.979722264323427,0.97,1.10443389872428e-05,-0.00972226432342704,0.00974435300140153,FALSE,0.0194666173248286
"Rwanda","RWA","Eastern & Southern Africa","Low income","Initial self-financing",0.977454399631654,0.889916687219957,1.06499211204335,0.91,-0.0674543996316536,-0.154992112043351,0.0200833127800435,FALSE,0.175075424823394
"Saint Kitts and Nevis","KNA","Latin America & Caribbean","High income","Never Gavi",0.977999999999999,0.952091615577085,1.00390838442291,0.99,0.0120000000000006,-0.0139083844229135,0.0379083844229147,FALSE,0.0518167688458282
"Saint Lucia","LCA","Latin America & Caribbean","Upper middle income","Never Gavi",0.944679856932445,0.788604772602545,1.10075494126234,0.86,-0.0846798569324448,-0.240754941262344,0.0713952273974546,FALSE,0.312150168659799
"Saint Vincent and the Grenadines","VCT","Latin America & Caribbean","Upper middle income","Never Gavi",0.981852094462693,0.965092969084166,0.998611219841221,0.97,-0.0118520944626934,-0.0286112198412207,0.00490703091583389,FALSE,0.0335182507570546
"Samoa","WSM","East Asia & Pacific","Lower middle income","Never Gavi",0.644291518087239,0.34817139026886,0.940411645905617,0.79,0.145708481912762,-0.150411645905617,0.44182860973114,FALSE,0.592240255636757
"San Marino","SMR","Western Europe","High income","Never Gavi",0.88,0.844592051129079,0.915407948870921,0.89,0.01,-0.0254079488709207,0.0454079488709207,FALSE,0.0708158977418414
"Saudi Arabia","SAU","Middle East & North Africa","High income","Never Gavi",0.96,0.941455676271626,0.978544323728374,0.95,-0.01,-0.0285443237283741,0.0085443237283741,FALSE,0.0370886474567482
"Senegal","SEN","West & Central Africa","Lower middle income","Preparatory transition phase",0.972631578947358,0.870821696284434,1.07444146161028,0.91,-0.0626315789473577,-0.164441461610282,0.0391783037155663,FALSE,0.203619765325848
"Seychelles","SYC","Eastern & Southern Africa","High income","Never Gavi",0.984602706939938,0.965739864526817,1.00346554935306,0.97,-0.0146027069399384,-0.0334655493530598,0.00426013547318316,FALSE,0.0377256848262429
"Sierra Leone","SLE","West & Central Africa","Low income","Initial self-financing",0.95,0.800530421438358,1.09946957856164,0.91,-0.0399999999999999,-0.189469578561642,0.109469578561642,FALSE,0.298939157123284
"Slovakia","SVK","Western Europe","High income","Never Gavi",0.976196713136292,0.968629608669292,0.983763817603292,0.97,-0.00619671313629166,-0.0137638176032916,0.00137039133070826,FALSE,0.0151342089339999
"Slovenia","SVN","Western Europe","High income","Never Gavi",0.948703815779011,0.928183821173297,0.969223810384725,0.95,0.00129618422098932,-0.0192238103847246,0.0218161788267033,FALSE,0.0410399892114279
"Solomon Islands","SLB","East Asia & Pacific","Lower middle income","Accelerated transition phase",0.869,0.763184870873266,0.974815129126734,0.94,0.071,-0.0348151291267341,0.176815129126734,FALSE,0.211630258253468
"Somalia","SOM","Eastern & Southern Africa","Low income","Initial self-financing",0.42,0.326622980851711,0.513377019148289,0.42,0,-0.0933770191482892,0.0933770191482892,FALSE,0.186754038296578
"South Africa","ZAF","Eastern & Southern Africa","Upper middle income","Never Gavi",0.85,0.776664128206753,0.923335871793247,0.84,-0.01,-0.083335871793247,0.063335871793247,FALSE,0.146671743586494
"Spain","ESP","Western Europe","High income","Never Gavi",0.965499999999964,0.948114311788804,0.982885688211124,0.98,0.0145000000000356,-0.00288568821112445,0.0318856882111956,FALSE,0.0347713764223201
"Sri Lanka","LKA","South Asia","Lower middle income","Fully self-financing",0.99,0.976762506626411,1.00323749337359,0.96,-0.03,-0.0432374933735888,-0.0167625066264112,TRUE,0.0264749867471776
"State of Palestine","PSE","Middle East & North Africa","Lower middle income","Never Gavi",0.99,0.957572827880185,1.02242717211981,0.99,0,-0.0324271721198148,0.0324271721198149,FALSE,0.0648543442396298
"Sudan","SDN","Eastern & Southern Africa","Low income","Accelerated transition phase",0.946315789473643,0.867587899669616,1.02504367927767,0.9,-0.0463157894736433,-0.125043679277671,0.0324121003303844,FALSE,0.157455779608056
"Suriname","SUR","Latin America & Caribbean","Upper middle income","Never Gavi",0.773675699474721,0.658511312742473,0.888840086206968,0.51,-0.263675699474721,-0.378840086206968,-0.148511312742473,TRUE,0.230328773464495
"Sweden","SWE","Western Europe","High income","Never Gavi",0.98,0.96993574741873,0.99006425258127,0.97,-0.01,-0.0200642525812695,6.42525812695194e-05,FALSE,0.0201285051625391
"Switzerland","CHE","Western Europe","High income","Never Gavi",0.961578947368421,0.954223733761827,0.968934160975015,0.96,-0.00157894736842112,-0.00893416097501487,0.00577626623817262,FALSE,0.0147104272131875
"Syrian Arab Republic","SYR","Middle East & North Africa","Low income","Initial self-financing",0.54,0.40361491784878,0.67638508215122,0.49,-0.05,-0.18638508215122,0.0863850821512201,FALSE,0.27277016430244
"Tajikistan","TJK","Eastern Europe & Central Asia","Lower middle income","Initial self-financing",0.97,0.927817761282953,1.01218223871705,0.97,0,-0.042182238717047,0.042182238717047,FALSE,0.0843644774340939
"Togo","TGO","West & Central Africa","Low income","Initial self-financing",0.84,0.726781519387324,0.953218480612676,0.82,-0.02,-0.133218480612676,0.0932184806126761,FALSE,0.226436961225352
"Tonga","TON","East Asia & Pacific","Upper middle income","Never Gavi",0.980907687541105,0.936147259240584,1.02566811584163,0.99,0.00909231245889475,-0.0356681158416263,0.0538527407594157,FALSE,0.089520856601042
"Tunisia","TUN","Middle East & North Africa","Lower middle income","Never Gavi",0.92,0.893394974458293,0.946605025541707,0.92,0,-0.026605025541707,0.026605025541707,FALSE,0.0532100510834139
"Turkey","TUR","Eastern Europe & Central Asia","Upper middle income","Never Gavi",0.99,0.882084144981468,1.09791585501853,0.98,-0.01,-0.117915855018532,0.0979158550185315,FALSE,0.215831710037063
"Turkmenistan","TKM","Eastern Europe & Central Asia","Upper middle income","Never Gavi",0.968500000000069,0.900523014209224,1.03647698579091,0.98,0.0114999999999315,-0.0564769857909129,0.0794769857907758,FALSE,0.135953971581689
"Tuvalu","TUV","East Asia & Pacific","Upper middle income","Never Gavi",0.934499999999912,0.847897789333571,1.02110221066625,0.95,0.015500000000088,-0.0711022106662529,0.102102210666429,FALSE,0.173204421332682
"Uganda","UGA","Eastern & Southern Africa","Low income","Initial self-financing",0.961843376492923,0.913672232849882,1.01001452013596,0.89,-0.0718433764929233,-0.120014520135964,-0.023672232849882,TRUE,0.0963422872860825
"Ukraine","UKR","Eastern Europe & Central Asia","Lower middle income","Fully self-financing",0.8,0.458890099796539,1.14110990020346,0.81,0.01,-0.331109900203461,0.351109900203461,FALSE,0.682219800406923
"United Arab Emirates","ARE","Middle East & North Africa","High income","Never Gavi",0.99,0.969390270778513,1.01060972922149,0.9,-0.09,-0.110609729221487,-0.0693902707785129,TRUE,0.0412194584429741
"United Kingdom","GBR","Western Europe","High income","Never Gavi",0.93,0.917275493670162,0.942724506329838,0.93,0,-0.0127245063298379,0.0127245063298379,FALSE,0.0254490126596758
"United Republic of Tanzania","TZA","Eastern & Southern Africa","Lower middle income","Preparatory transition phase",0.88996367593717,0.81590078998559,0.964026561888749,0.86,-0.0299636759371698,-0.104026561888749,0.0440992100144096,FALSE,0.148125771903159
"United States","USA","North America","High income","Never Gavi",0.943460432663896,0.928866873009609,0.958053992318184,0.93,-0.0134604326638962,-0.0280539923181835,0.00113312699039114,FALSE,0.0291871193085746
"Uruguay","URY","Latin America & Caribbean","High income","Never Gavi",0.949399001685293,0.921454111554971,0.977343891815614,0.92,-0.0293990016852925,-0.0573438918156138,-0.00145411155497122,TRUE,0.0558897802606426
"Uzbekistan","UZB","Eastern Europe & Central Asia","Lower middle income","Accelerated transition phase",0.968232861034553,0.95094696552461,0.985518756544497,0.95,-0.0182328610345532,-0.0355187565444967,-0.000946965524609822,TRUE,0.0345717910198868
"Vanuatu","VUT","East Asia & Pacific","Lower middle income","Never Gavi",0.909999999999988,0.862887219209768,0.957112780790208,0.78,-0.129999999999988,-0.177112780790208,-0.0828872192097678,TRUE,0.0942255615804399
"Venezuela (Bolivarian Republic of)","VEN","Latin America & Caribbean","","Never Gavi",0.713930774001799,0.523443493777231,0.904418054226368,0.54,-0.173930774001799,-0.364418054226368,0.0165565062227693,FALSE,0.380974560449137
"Viet Nam","VNM","East Asia & Pacific","Lower middle income","Fully self-financing",0.911,0.716255789142756,1.10574421085724,0.94,0.029,-0.165744210857244,0.223744210857244,FALSE,0.389488421714488
"Yemen","YEM","Middle East & North Africa","Low income","Initial self-financing",0.764389001312075,0.695583185778783,0.833194816845367,0.72,-0.044389001312075,-0.113194816845367,0.0244168142212174,FALSE,0.137611631066585
"Zambia","ZMB","Eastern & Southern Africa","Lower middle income","Preparatory transition phase",0.863372861859975,0.789388457343064,0.937357266376887,0.84,-0.0233728618599753,-0.0973572663768866,0.0506115426569359,FALSE,0.147968809033822
"Zimbabwe","ZWE","Eastern & Southern Africa","Lower middle income","Initial self-financing",0.9,0.810973829125053,0.989026170874947,0.86,-0.04,-0.129026170874947,0.0490261708749467,FALSE,0.178052341749893
