"country","iso_code","region","income_group","year","arima_model","forecast_coverage","lower_ci","upper_ci","reported_coverage","delta","lower_delta","upper_delta","within_ci","surviving_infants","missed_immunisations"
"Afghanistan","AFG","Asia","LIC",2020,"ARIMA(0,2,1)",0.736077137907447,0.667944748829991,0.804209526984904,0.7,-0.0360771379074472,0.0320552511700093,-0.104209526984904,TRUE,1349260,404778
"Afghanistan","AFG","Asia","LIC",2021,"ARIMA(0,2,1)",0.752154275814894,0.63588762537076,0.868420926259029,0.66,-0.0921542758148943,0.0241123746292399,-0.208420926259029,TRUE,1387559,471770
"Afghanistan","AFG","Asia","LIC",2022,"ARIMA(0,2,1)",0.768231413722342,0.600935171219074,0.93552765622561,0.69,-0.0782314137223417,0.0890648287809263,-0.24552765622561,TRUE,1397103,433102
"Angola","AGO","Africa","LMIC",2020,"ARIMA(0,1,0)",0.57,0.493427820441531,0.646572179558469,0.51,-0.0599999999999999,0.0165721795584689,-0.136572179558469,TRUE,1260616,617702
"Angola","AGO","Africa","LMIC",2021,"ARIMA(0,1,0)",0.57,0.461710585167945,0.678289414832054,0.45,-0.12,-0.0117105851679455,-0.228289414832054,FALSE,1286766,707721
"Angola","AGO","Africa","LMIC",2022,"ARIMA(0,1,0)",0.57,0.437373094558445,0.702626905441555,0.42,-0.15,-0.017373094558445,-0.282626905441555,FALSE,1306749,757914
"Albania","ALB","Europe","UMIC",2020,"ARIMA(2,1,0)",0.99,0.977814613158256,0.99,0.98,-0.01,0.00218538684174374,-0.01,TRUE,29309,586
"Albania","ALB","Europe","UMIC",2021,"ARIMA(2,1,0)",0.99,0.977568860124941,0.99,0.98,-0.01,0.0024311398750585,-0.01,TRUE,29062,581
"Albania","ALB","Europe","UMIC",2022,"ARIMA(2,1,0)",0.99,0.976458290958223,0.99,0.97,-0.02,-0.00645829095822337,-0.02,FALSE,28591,858
"Andorra","AND","Europe","HIC",2020,"ARIMA(0,0,1) with non-zero mean",0.982362935189194,0.95329841273388,0.99,0.99,0.00763706481080573,0.0367015872661202,0,TRUE,588,6
"Andorra","AND","Europe","HIC",2021,"ARIMA(0,0,1) with non-zero mean",0.978385404190332,0.945804414979926,0.99,0.99,0.0116145958096683,0.0441955850200738,0,TRUE,564,6
"Andorra","AND","Europe","HIC",2022,"ARIMA(0,0,1) with non-zero mean",0.978385404190332,0.945804414979926,0.99,0.98,0.00161459580966827,0.0341955850200738,-0.01,TRUE,572,11
"United Arab Emirates","ARE","Asia","HIC",2020,"ARIMA(0,1,0)",0.99,0.969390270778513,0.99,0.9,-0.09,-0.0693902707785129,-0.09,FALSE,98172,9817
"United Arab Emirates","ARE","Asia","HIC",2021,"ARIMA(0,1,0)",0.99,0.960853441418136,0.99,0.96,-0.03,-0.000853441418136036,-0.03,FALSE,96086,3843
"United Arab Emirates","ARE","Asia","HIC",2022,"ARIMA(0,1,0)",0.99,0.954302901858147,0.99,0.96,-0.03,0.00569709814185249,-0.03,TRUE,92927,3717
"Argentina","ARG","Americas","UMIC",2020,"ARIMA(2,0,0) with non-zero mean",0.853462021279632,0.789474590063471,0.917449452495792,0.74,-0.113462021279632,-0.0494745900634714,-0.177449452495792,FALSE,630707,163984
"Argentina","ARG","Americas","UMIC",2021,"ARIMA(2,0,0) with non-zero mean",0.892064837334739,0.800825439729353,0.983304234940124,0.81,-0.0820648373347389,0.00917456027064656,-0.173304234940124,TRUE,624312,118619
"Argentina","ARG","Americas","UMIC",2022,"ARIMA(2,0,0) with non-zero mean",0.919763602978437,0.822169837284033,0.99,0.81,-0.109763602978437,-0.0121698372840331,-0.18,FALSE,622930,118357
"Armenia","ARM","Asia","UMIC",2020,"ARIMA(1,0,0) with non-zero mean",0.921407332914967,0.890905360784452,0.951909305045483,0.91,-0.0114073329149673,0.0190946392155484,-0.0419093050454831,TRUE,34717,3125
"Armenia","ARM","Asia","UMIC",2021,"ARIMA(1,0,0) with non-zero mean",0.922447190112032,0.884522172542633,0.960372207681431,0.93,0.00755280988796803,0.0454778274573673,-0.0303722076814312,TRUE,33426,2340
"Armenia","ARM","Asia","UMIC",2022,"ARIMA(1,0,0) with non-zero mean",0.923215525009047,0.881795535724864,0.96463551429323,0.93,0.00678447499095314,0.048204464275136,-0.0346355142932298,TRUE,32329,2263
"Antigua and Barbuda","ATG","Americas","HIC",2020,"ARIMA(1,0,0) with non-zero mean",0.96136493105042,0.925405214711411,0.99,0.96,-0.00136493105042046,0.0345947852885885,-0.03,TRUE,1122,45
"Antigua and Barbuda","ATG","Americas","HIC",2021,"ARIMA(1,0,0) with non-zero mean",0.96704685879927,0.926843434645231,0.99,0.92,-0.0470468587992697,-0.00684343464523118,-0.07,FALSE,1124,90
"Antigua and Barbuda","ATG","Americas","HIC",2022,"ARIMA(1,0,0) with non-zero mean",0.969887553810961,0.928691637157493,0.99,0.99,0.020112446189039,0.0613083628425074,0,TRUE,1119,11
"Australia","AUS","Oceania","HIC",2020,"ARIMA(0,1,0)",0.95,0.935081420482975,0.964918579517025,0.95,0,0.0149185795170247,-0.0149185795170247,TRUE,295672,14784
"Australia","AUS","Oceania","HIC",2021,"ARIMA(0,1,0)",0.95,0.928901942515682,0.971098057484318,0.95,0,0.0210980574843177,-0.0210980574843177,TRUE,297762,14888
"Australia","AUS","Oceania","HIC",2022,"ARIMA(0,1,0)",0.95,0.924160262299757,0.975839737700243,0.94,-0.01,0.0158397377002431,-0.0358397377002431,TRUE,299523,17971
"Austria","AUT","Europe","HIC",2020,"ARIMA(0,1,0)",0.85,0.790008558774036,0.909991441225964,0.85,0,0.0599914412259638,-0.0599914412259638,TRUE,83136,12470
"Austria","AUT","Europe","HIC",2021,"ARIMA(0,1,0)",0.85,0.765159290191934,0.934840709808066,0.86,0.01,0.0948407098080665,-0.0748407098080665,TRUE,84439,11821
"Austria","AUT","Europe","HIC",2022,"ARIMA(0,1,0)",0.85,0.746091775777349,0.953908224222651,0.84,-0.01,0.0939082242226514,-0.113908224222651,TRUE,84214,13474
"Azerbaijan","AZE","Asia","UMIC",2020,"ARIMA(0,1,0) with drift",0.949473684210536,0.910560459327167,0.988386909093906,0.79,-0.159473684210536,-0.120560459327167,-0.198386909093906,FALSE,129884,27276
"Azerbaijan","AZE","Asia","UMIC",2021,"ARIMA(0,1,0) with drift",0.958947368421073,0.903915758035337,0.99,0.89,-0.0689473684210727,-0.0139157580353373,-0.1,FALSE,125236,13776
"Azerbaijan","AZE","Asia","UMIC",2022,"ARIMA(0,1,0) with drift",0.968421052631609,0.90102137004726,0.99,0.83,-0.138421052631609,-0.0710213700472596,-0.16,FALSE,121879,20719
"Burundi","BDI","Africa","LIC",2020,"ARIMA(0,1,0)",0.93,0.871199980144535,0.988800019855466,0.93,0,0.0588000198554655,-0.0588000198554655,TRUE,421064,29474
"Burundi","BDI","Africa","LIC",2021,"ARIMA(0,1,0)",0.93,0.846844214452594,0.99,0.94,0.0099999999999999,0.0931557855474064,-0.05,TRUE,423658,25419
"Burundi","BDI","Africa","LIC",2022,"ARIMA(0,1,0)",0.93,0.828155378124275,0.99,0.91,-0.02,0.0818446218757249,-0.08,TRUE,426016,38341
"Belgium","BEL","Europe","HIC",2020,"ARIMA(0,1,0)",0.97,0.955774511878113,0.984225488121887,0.97,0,0.0142254881218867,-0.0142254881218867,TRUE,114580,3437
"Belgium","BEL","Europe","HIC",2021,"ARIMA(0,1,0)",0.97,0.94988212176665,0.99,0.98,0.01,0.0301178782333497,-0.01,TRUE,116101,2322
"Belgium","BEL","Europe","HIC",2022,"ARIMA(0,1,0)",0.97,0.945360731810424,0.99,0.98,0.01,0.0346392681895755,-0.01,TRUE,116716,2334
"Benin","BEN","Africa","LMIC",2020,"ARIMA(0,0,0) with non-zero mean",0.757000000000054,0.703759111149605,0.810240888850503,0.72,-0.037000000000054,0.0162408888503951,-0.0902408888505031,TRUE,448204,125497
"Benin","BEN","Africa","LMIC",2021,"ARIMA(0,0,0) with non-zero mean",0.757000000000054,0.703759111149605,0.810240888850503,0.76,0.00299999999994605,0.0562408888503951,-0.050240888850503,TRUE,454920,109181
"Benin","BEN","Africa","LMIC",2022,"ARIMA(0,0,0) with non-zero mean",0.757000000000054,0.703759111149605,0.810240888850503,0.76,0.00299999999994605,0.0562408888503951,-0.050240888850503,TRUE,460723,110574
"Burkina Faso","BFA","Africa","LIC",2020,"ARIMA(1,2,0)",0.91,0.840700990115155,0.979299009884845,0.91,1.11022302462516e-16,0.0692990098848447,-0.0692990098848445,TRUE,744797,67032
"Burkina Faso","BFA","Africa","LIC",2021,"ARIMA(1,2,0)",0.91,0.789002681227875,0.99,0.91,2.22044604925031e-16,0.120997318772125,-0.08,TRUE,754125,67871
"Burkina Faso","BFA","Africa","LIC",2022,"ARIMA(1,2,0)",0.91,0.716121146072092,0.99,0.91,3.33066907387547e-16,0.193878853927908,-0.08,TRUE,762151,68594
"Bangladesh","BGD","Asia","LMIC",2020,"ARIMA(0,1,0)",0.98,0.91063092493698,0.99,0.98,0,0.0693690750630196,-0.01,TRUE,2958134,59163
"Bangladesh","BGD","Asia","LMIC",2021,"ARIMA(0,1,0)",0.98,0.8818973132366,0.99,0.98,0,0.0981026867633995,-0.01,TRUE,2957723,59154
"Bangladesh","BGD","Asia","LMIC",2022,"ARIMA(0,1,0)",0.98,0.859849237516791,0.99,0.98,0,0.120150762483209,-0.01,TRUE,2940527,58811
"Bulgaria","BGR","Europe","UMIC",2020,"ARIMA(0,1,0)",0.93,0.89079848988429,0.96920151011571,0.91,-0.02,0.01920151011571,-0.0592015101157101,TRUE,59507,5356
"Bulgaria","BGR","Europe","UMIC",2021,"ARIMA(0,1,0)",0.93,0.874560692728857,0.985439307271143,0.89,-0.04,0.0154393072711431,-0.0954393072711431,TRUE,57855,6364
"Bulgaria","BGR","Europe","UMIC",2022,"ARIMA(0,1,0)",0.93,0.862100992746165,0.99,0.91,-0.02,0.047899007253835,-0.08,TRUE,56406,5077
"Bahrain","BHR","Asia","HIC",2020,"ARIMA(0,0,0) with non-zero mean",0.981999999999966,0.965663528624034,0.99,0.98,-0.00199999999996647,0.0143364713759655,-0.01,TRUE,18855,377
"Bahrain","BHR","Asia","HIC",2021,"ARIMA(0,0,0) with non-zero mean",0.981999999999966,0.965663528624034,0.99,0.98,-0.00199999999996647,0.0143364713759655,-0.01,TRUE,17417,348
"Bahrain","BHR","Asia","HIC",2022,"ARIMA(0,0,0) with non-zero mean",0.981999999999966,0.965663528624034,0.99,0.97,-0.0119999999999665,0.00433647137596549,-0.02,TRUE,16783,503
"Bahamas","BHS","Americas","HIC",2020,"ARIMA(1,0,0) with non-zero mean",0.901587873945781,0.861064035651662,0.942111712239899,0.83,-0.0715878739457806,-0.0310640356516618,-0.112111712239899,FALSE,4627,787
"Bahamas","BHS","Americas","HIC",2021,"ARIMA(1,0,0) with non-zero mean",0.910812957892743,0.859015754310092,0.962610161475395,0.86,-0.0508129578927434,0.000984245689907737,-0.102610161475395,TRUE,4624,647
"Bahamas","BHS","Americas","HIC",2022,"ARIMA(1,0,0) with non-zero mean",0.918157029309701,0.860342147451229,0.975971911168173,0.87,-0.0481570293097009,0.00965785254877127,-0.105971911168173,TRUE,4618,600
"Bosnia and Herzegovina","BIH","Europe","UMIC",2020,"ARIMA(2,1,0)",0.719222137912501,0.646888176728363,0.791556099096639,0.72,0.000777862087498526,0.0731118232716366,-0.0715560990966395,TRUE,28561,7997
"Bosnia and Herzegovina","BIH","Europe","UMIC",2021,"ARIMA(2,1,0)",0.722417406124522,0.633975707419814,0.810859104829231,0.76,0.0375825938754778,0.126024292580186,-0.0508591048292308,TRUE,27530,6607
"Bosnia and Herzegovina","BIH","Europe","UMIC",2022,"ARIMA(2,1,0)",0.715662002609681,0.584965331634971,0.84635867358439,0.75,0.0343379973903193,0.165034668365029,-0.0963586735843904,TRUE,26652,6663
"Belarus","BLR","Europe","UMIC",2020,"ARIMA(0,0,0) with non-zero mean",0.954999999999999,0.743953312947745,0.99,0.97,0.0150000000000006,0.226046687052255,-0.02,TRUE,90996,2730
"Belarus","BLR","Europe","UMIC",2021,"ARIMA(0,0,0) with non-zero mean",0.954999999999999,0.743953312947745,0.99,0.98,0.0250000000000006,0.236046687052255,-0.01,TRUE,88703,1774
"Belarus","BLR","Europe","UMIC",2022,"ARIMA(0,0,0) with non-zero mean",0.954999999999999,0.743953312947745,0.99,0.98,0.0250000000000006,0.236046687052255,-0.01,TRUE,87113,1742
"Belize","BLZ","Americas","UMIC",2020,"ARIMA(0,0,0) with non-zero mean",0.95,0.896042410895225,0.99,0.79,-0.16,-0.106042410895224,-0.2,FALSE,6999,1470
"Belize","BLZ","Americas","UMIC",2021,"ARIMA(0,0,0) with non-zero mean",0.95,0.896042410895225,0.99,0.83,-0.12,-0.0660424108952246,-0.16,FALSE,7125,1211
"Belize","BLZ","Americas","UMIC",2022,"ARIMA(0,0,0) with non-zero mean",0.95,0.896042410895225,0.99,0.84,-0.11,-0.0560424108952245,-0.15,FALSE,7130,1141
"Bolivia (Plurinational State of)","BOL","Americas","LMIC",2020,"ARIMA(1,0,0) with non-zero mean",0.76648183882503,0.67764117508634,0.855322502563721,0.68,-0.0864818388250304,0.00235882491365991,-0.175322502563721,TRUE,256938,82220
"Bolivia (Plurinational State of)","BOL","Americas","LMIC",2021,"ARIMA(1,0,0) with non-zero mean",0.779255827712803,0.666856481378512,0.891655174047093,0.7,-0.0792558277128026,0.0331435186214877,-0.191655174047093,TRUE,257599,77280
"Bolivia (Plurinational State of)","BOL","Americas","LMIC",2022,"ARIMA(1,0,0) with non-zero mean",0.789156106063852,0.664731842995553,0.91358036913215,0.69,-0.0991561060638516,0.0252681570044468,-0.22358036913215,TRUE,258219,80048
"Brazil","BRA","Americas","UMIC",2020,"ARIMA(2,2,1)",0.767391041992989,0.705760822053962,0.829021261932016,0.77,0.002608958007011,0.0642391779460377,-0.0590212619320157,TRUE,2755362,633733
"Brazil","BRA","Americas","UMIC",2021,"ARIMA(2,2,1)",0.654631074518627,0.589024020865502,0.720238128171752,0.68,0.0253689254813729,0.0909759791344982,-0.0402381281717523,TRUE,2729876,873560
"Brazil","BRA","Americas","UMIC",2022,"ARIMA(2,2,1)",0.614344085835588,0.508956159743145,0.719732011928031,0.77,0.155655914164412,0.261043840256855,0.050267988071969,FALSE,2694048,619631
"Barbados","BRB","Americas","HIC",2020,"ARIMA(0,0,0) with non-zero mean",0.9055,0.826721971236563,0.984278028763437,0.85,-0.0555,0.0232780287634373,-0.134278028763437,TRUE,3018,453
"Barbados","BRB","Americas","HIC",2021,"ARIMA(0,0,0) with non-zero mean",0.9055,0.826721971236563,0.984278028763437,0.82,-0.0855,-0.00672197123656271,-0.164278028763437,FALSE,3017,543
"Barbados","BRB","Americas","HIC",2022,"ARIMA(0,0,0) with non-zero mean",0.9055,0.826721971236563,0.984278028763437,0.86,-0.0455,0.0332780287634373,-0.124278028763437,TRUE,3009,421
"Brunei Darussalam","BRN","Asia","HIC",2020,"ARIMA(1,0,0) with non-zero mean",0.984364392050377,0.947079994304383,0.99,0.99,0.00563560794962337,0.0429200056956165,0,TRUE,6209,62
"Brunei Darussalam","BRN","Asia","HIC",2021,"ARIMA(1,0,0) with non-zero mean",0.980667968691927,0.936079018977533,0.99,0.99,0.00933203130807281,0.0539209810224666,0,TRUE,6098,61
"Brunei Darussalam","BRN","Asia","HIC",2022,"ARIMA(1,0,0) with non-zero mean",0.978243466177375,0.930857165125323,0.99,0.99,0.0117565338226249,0.0591428348746772,0,TRUE,6009,60
"Bhutan","BTN","Asia","LMIC",2020,"ARIMA(0,1,0)",0.97,0.9043749388819,0.99,0.95,-0.02,0.0456250611180997,-0.04,TRUE,9568,478
"Bhutan","BTN","Asia","LMIC",2021,"ARIMA(0,1,0)",0.97,0.87719214853522,0.99,0.98,0.01,0.10280785146478,-0.01,TRUE,9507,190
"Bhutan","BTN","Asia","LMIC",2022,"ARIMA(0,1,0)",0.97,0.856334059893638,0.99,0.98,0.01,0.123665940106362,-0.01,TRUE,9469,189
"Botswana","BWA","Africa","UMIC",2020,"ARIMA(0,1,0)",0.95,0.943626096836859,0.956373903163141,0.95,0,0.00637390316314068,-0.00637390316314068,TRUE,59780,2989
"Botswana","BWA","Africa","UMIC",2021,"ARIMA(0,1,0)",0.95,0.940985939701434,0.959014060298566,0.95,0,0.00901406029856622,-0.00901406029856622,TRUE,59251,2963
"Botswana","BWA","Africa","UMIC",2022,"ARIMA(0,1,0)",0.95,0.938960075878916,0.961039924121084,0.86,-0.09,-0.0789600758789164,-0.101039924121084,FALSE,58829,8236
"Canada","CAN","Americas","HIC",2020,"ARIMA(1,0,0) with non-zero mean",0.908973150079904,0.879701945520536,0.938244354639273,0.92,0.0110268499200959,0.0402980544794644,-0.0182443546392725,TRUE,369130,29530
"Canada","CAN","Americas","HIC",2021,"ARIMA(1,0,0) with non-zero mean",0.908340244275049,0.873955665978906,0.942724822571193,0.92,0.0116597557249508,0.0460443340210941,-0.0227248225711925,TRUE,372355,29788
"Canada","CAN","Americas","HIC",2022,"ARIMA(1,0,0) with non-zero mean",0.907950148556113,0.871812168052265,0.944088129059962,0.92,0.0120498514438867,0.0481878319477351,-0.0240881290599617,TRUE,374917,29993
"Switzerland","CHE","Europe","HIC",2020,"ARIMA(0,1,0) with drift",0.961578947368421,0.954223733761827,0.968934160975015,0.96,-0.00157894736842112,0.00577626623817262,-0.00893416097501487,TRUE,86290,3452
"Switzerland","CHE","Europe","HIC",2021,"ARIMA(0,1,0) with drift",0.963157894736842,0.952756051900246,0.973559737573438,0.96,-0.00315789473684214,0.00724394809975382,-0.0135597375734381,TRUE,86846,3474
"Switzerland","CHE","Europe","HIC",2022,"ARIMA(0,1,0) with drift",0.964736842105263,0.951997238438121,0.977476445772405,0.96,-0.00473684210526315,0.00800276156187907,-0.0174764457724054,TRUE,86249,3450
"Chile","CHL","Americas","HIC",2020,"ARIMA(0,0,1) with non-zero mean",0.945872191038717,0.906593334021367,0.985151048056067,0.93,-0.0158721910387172,0.0234066659786326,-0.055151048056067,TRUE,226847,15879
"Chile","CHL","Americas","HIC",2021,"ARIMA(0,0,1) with non-zero mean",0.939715564692611,0.895008393599758,0.984422735785463,0.95,0.0102844353073893,0.054991606400242,-0.0344227357854634,TRUE,228192,11410
"Chile","CHL","Americas","HIC",2022,"ARIMA(0,0,1) with non-zero mean",0.939715564692611,0.895008393599758,0.984422735785463,0.96,0.0202844353073893,0.064991606400242,-0.0244227357854634,TRUE,229841,9194
"China","CHN","Asia","UMIC",2020,"ARIMA(0,1,0) with drift",0.99,0.965465425151795,0.99,0.99,0,0.0245345748482053,0,TRUE,12179125,121791
"China","CHN","Asia","UMIC",2021,"ARIMA(0,1,0) with drift",0.99,0.959619192621889,0.99,0.99,0,0.0303808073781113,0,TRUE,10828527,108285
"China","CHN","Asia","UMIC",2022,"ARIMA(0,1,0) with drift",0.99,0.956847653343815,0.99,0.99,0,0.0331523466561845,0,TRUE,10703232,107032
"Cote d'Ivoire","CIV","Africa","LMIC",2020,"ARIMA(0,1,0)",0.81,0.660597915039673,0.959402084960327,0.75,-0.0600000000000001,0.0894020849603271,-0.209402084960327,TRUE,875926,218982
"Cote d'Ivoire","CIV","Africa","LMIC",2021,"ARIMA(0,1,0)",0.81,0.598713545202288,0.99,0.76,-0.05,0.161286454797712,-0.23,TRUE,891654,213997
"Cote d'Ivoire","CIV","Africa","LMIC",2022,"ARIMA(0,1,0)",0.81,0.551227998091991,0.99,0.76,-0.05,0.208772001908009,-0.23,TRUE,901482,216356
"Cameroon","CMR","Africa","LMIC",2020,"ARIMA(1,0,0) with non-zero mean",0.673630709144715,0.594711688813298,0.752549729476133,0.69,0.0163692908552846,0.0952883111867019,-0.0625497294761327,TRUE,903212,279996
"Cameroon","CMR","Africa","LMIC",2021,"ARIMA(1,0,0) with non-zero mean",0.676905224022117,0.570630489839923,0.783179958204311,0.69,0.0130947759778827,0.119369510160077,-0.0931799582043114,TRUE,913361,283142
"Cameroon","CMR","Africa","LMIC",2022,"ARIMA(1,0,0) with non-zero mean",0.67985848941875,0.555700703350272,0.804016275487229,0.68,0.000141510581249671,0.124299296649728,-0.124016275487229,TRUE,923258,295443
"Democratic Republic of the Congo","COD","Africa","LIC",2020,"ARIMA(0,1,0)",0.73,0.615450242460185,0.844549757539815,0.7,-0.03,0.0845497575398146,-0.144549757539815,TRUE,3759997,1127999
"Democratic Republic of the Congo","COD","Africa","LIC",2021,"ARIMA(0,1,0)",0.73,0.568002179320644,0.891997820679356,0.65,-0.08,0.0819978206793557,-0.241997820679356,TRUE,3864669,1352634
"Democratic Republic of the Congo","COD","Africa","LIC",2022,"ARIMA(0,1,0)",0.73,0.531593999946345,0.928406000053655,0.65,-0.08,0.118406000053655,-0.278406000053655,TRUE,3965786,1388025
"Congo","COG","Africa","LMIC",2020,"ARIMA(0,1,0)",0.79,0.64625360236836,0.93374639763164,0.73,-0.0600000000000001,0.0837463976316404,-0.20374639763164,TRUE,172741,46640
"Congo","COG","Africa","LMIC",2021,"ARIMA(0,1,0)",0.79,0.586711894927058,0.99,0.77,-0.02,0.183288105072942,-0.22,TRUE,174283,40085
"Congo","COG","Africa","LMIC",2022,"ARIMA(0,1,0)",0.79,0.541023935897,0.99,0.78,-0.01,0.238976064103,-0.21,TRUE,174567,38405
"Colombia","COL","Americas","UMIC",2020,"ARIMA(1,0,0) with non-zero mean",0.92758254791425,0.8600071586324,0.99,0.88,-0.0475825479142503,0.0199928413675998,-0.11,TRUE,726305,87157
"Colombia","COL","Americas","UMIC",2021,"ARIMA(1,0,0) with non-zero mean",0.918113707164459,0.833133207757052,0.99,0.86,-0.0581137071644587,0.0268667922429479,-0.13,TRUE,723229,101252
"Colombia","COL","Americas","UMIC",2022,"ARIMA(1,0,0) with non-zero mean",0.910893309249833,0.81726831579183,0.99,0.87,-0.0408933092498327,0.0527316842081696,-0.12,TRUE,716393,93131
"Comoros","COM","Africa","LMIC",2020,"ARIMA(0,1,0)",0.91,0.783857913968004,0.99,0.91,0,0.126142086031996,-0.08,TRUE,23208,2089
"Comoros","COM","Africa","LMIC",2021,"ARIMA(0,1,0)",0.91,0.731608151147517,0.99,0.91,0,0.178391848852483,-0.08,TRUE,23279,2095
"Comoros","COM","Africa","LMIC",2022,"ARIMA(0,1,0)",0.91,0.691515498019858,0.99,0.88,-0.03,0.188484501980142,-0.11,TRUE,23300,2796
"Cabo Verde","CPV","Africa","LMIC",2020,"ARIMA(1,0,0) with non-zero mean",0.953835617568708,0.904112701601977,0.99,0.93,-0.0238356175687079,0.0258872983980232,-0.0599999999999999,TRUE,9903,693
"Cabo Verde","CPV","Africa","LMIC",2021,"ARIMA(1,0,0) with non-zero mean",0.950089162277031,0.891903358206817,0.99,0.93,-0.0200891622770312,0.0380966417931832,-0.0599999999999999,TRUE,9876,691
"Cabo Verde","CPV","Africa","LMIC",2022,"ARIMA(1,0,0) with non-zero mean",0.947812222549658,0.886796618655373,0.99,0.93,-0.0178122225496575,0.0432033813446266,-0.0599999999999999,TRUE,9809,687
"Costa Rica","CRI","Americas","UMIC",2020,"ARIMA(0,1,0)",0.95,0.887531848088232,0.99,0.97,0.02,0.0824681519117678,-0.02,TRUE,61865,1856
"Costa Rica","CRI","Americas","UMIC",2021,"ARIMA(0,1,0)",0.95,0.861656692349995,0.99,0.93,-0.0199999999999999,0.0683433076500048,-0.0599999999999999,TRUE,60831,4258
"Costa Rica","CRI","Americas","UMIC",2022,"ARIMA(0,1,0)",0.95,0.841801987033887,0.99,0.95,0,0.108198012966113,-0.04,TRUE,60159,3008
"Cuba","CUB","Americas","UMIC",2020,"ARIMA(0,1,0)",0.99,0.846253044263249,0.99,0.99,0,0.143746955736751,0,TRUE,105244,1052
"Cuba","CUB","Americas","UMIC",2021,"ARIMA(0,1,0)",0.99,0.786711105647241,0.99,0.99,0,0.203288894352759,0,TRUE,100100,1001
"Cuba","CUB","Americas","UMIC",2022,"ARIMA(0,1,0)",0.99,0.741022969230592,0.99,0.99,0,0.248977030769408,0,TRUE,99349,993
"Cyprus","CYP","Asia","HIC",2020,"ARIMA(0,0,0) with non-zero mean",0.9785,0.959133851954359,0.99,0.96,-0.0184999999999998,0.000866148045640558,-0.03,TRUE,13055,522
"Cyprus","CYP","Asia","HIC",2021,"ARIMA(0,0,0) with non-zero mean",0.9785,0.959133851954359,0.99,0.96,-0.0184999999999998,0.000866148045640558,-0.03,TRUE,12795,512
"Cyprus","CYP","Asia","HIC",2022,"ARIMA(0,0,0) with non-zero mean",0.9785,0.959133851954359,0.99,0.96,-0.0184999999999998,0.000866148045640558,-0.03,TRUE,12494,500
"Czechia","CZE","Europe","HIC",2020,"ARIMA(1,0,0) with non-zero mean",0.971907089731354,0.958774629510719,0.985039549951989,0.97,-0.00190708973135423,0.0112253704892806,-0.0150395499519891,TRUE,106811,3204
"Czechia","CZE","Europe","HIC",2021,"ARIMA(1,0,0) with non-zero mean",0.973318358777778,0.956981147695299,0.989655569860256,0.94,-0.0333183587777779,-0.0169811476952993,-0.0496555698602564,FALSE,103737,6224
"Czechia","CZE","Europe","HIC",2022,"ARIMA(1,0,0) with non-zero mean",0.974362714629864,0.956512698170992,0.99,0.94,-0.0343627146298642,-0.0165126981709918,-0.05,FALSE,101350,6081
"Germany","DEU","Europe","HIC",2020,"ARIMA(1,0,0) with non-zero mean",0.912570263074845,0.885682562383323,0.939457963766368,0.91,-0.00257026307484531,0.0243174376166773,-0.0294579637663679,TRUE,758344,68251
"Germany","DEU","Europe","HIC",2021,"ARIMA(1,0,0) with non-zero mean",0.914748671458323,0.879502915135732,0.949994427780913,0.91,-0.00474867145832258,0.0304970848642679,-0.0399944277809131,TRUE,761164,68505
"Germany","DEU","Europe","HIC",2022,"ARIMA(1,0,0) with non-zero mean",0.916594966155409,0.876404142283269,0.95678579002755,0.91,-0.00659496615540933,0.0335958577167309,-0.0467857900275496,TRUE,759263,68334
"Djibouti","DJI","Africa","LMIC",2020,"ARIMA(0,1,0)",0.85,0.710319615013602,0.989680384986398,0.7,-0.15,-0.0103196150136021,-0.289680384986398,FALSE,23678,7103
"Djibouti","DJI","Africa","LMIC",2021,"ARIMA(0,1,0)",0.85,0.652462105154741,0.99,0.59,-0.26,-0.0624621051547408,-0.4,FALSE,23740,9733
"Djibouti","DJI","Africa","LMIC",2022,"ARIMA(0,1,0)",0.85,0.608066476382778,0.99,0.59,-0.26,-0.0180664763827778,-0.4,FALSE,23785,9752
"Dominica","DMA","Americas","UMIC",2020,"ARIMA(0,0,0) with non-zero mean",0.9725,0.931350581878314,0.99,0.96,-0.0124999999999997,0.0286494181216862,-0.03,TRUE,947,38
"Dominica","DMA","Americas","UMIC",2021,"ARIMA(0,0,0) with non-zero mean",0.9725,0.931350581878314,0.99,0.92,-0.0524999999999997,-0.0113505818783137,-0.07,FALSE,955,76
"Dominica","DMA","Americas","UMIC",2022,"ARIMA(0,0,0) with non-zero mean",0.9725,0.931350581878314,0.99,0.92,-0.0524999999999997,-0.0113505818783137,-0.07,FALSE,956,76
"Denmark","DNK","Europe","HIC",2020,"ARIMA(1,0,0) with non-zero mean",0.965550359545163,0.926054636929182,0.99,0.97,0.00444964045483676,0.0439453630708175,-0.02,TRUE,61231,1837
"Denmark","DNK","Europe","HIC",2021,"ARIMA(1,0,0) with non-zero mean",0.96196324131219,0.911231719315134,0.99,0.97,0.00803675868780962,0.0587682806848657,-0.02,TRUE,62994,1890
"Denmark","DNK","Europe","HIC",2022,"ARIMA(1,0,0) with non-zero mean",0.959071453234495,0.902216090578509,0.99,0.97,0.0109285467655047,0.067783909421491,-0.02,TRUE,63946,1918
"Dominican Republic","DOM","Americas","UMIC",2020,"ARIMA(0,1,1)",0.87323177642216,0.792487464396812,0.953976088447508,0.82,-0.05323177642216,0.0275125356031884,-0.133976088447509,TRUE,201711,36308
"Dominican Republic","DOM","Americas","UMIC",2021,"ARIMA(0,1,1)",0.87323177642216,0.785612418855126,0.960851133989194,0.84,-0.03323177642216,0.0543875811448741,-0.120851133989194,TRUE,200195,32031
"Dominican Republic","DOM","Americas","UMIC",2022,"ARIMA(0,1,1)",0.87323177642216,0.779238905860225,0.967224646984095,0.88,0.00676822357784002,0.100761094139775,-0.0872246469840953,TRUE,199209,23905
"Algeria","DZA","Africa","LMIC",2020,"ARIMA(1,0,0) with non-zero mean",0.884432852199151,0.838234974019663,0.93063073037864,0.84,-0.0444328521991513,0.00176502598033701,-0.0906307303786396,TRUE,958076,153292
"Algeria","DZA","Africa","LMIC",2021,"ARIMA(1,0,0) with non-zero mean",0.887987894896023,0.828768664181303,0.947207125610743,0.81,-0.0779878948960229,-0.0187686641813027,-0.137207125610743,FALSE,935085,177666
"Algeria","DZA","Africa","LMIC",2022,"ARIMA(1,0,0) with non-zero mean",0.890838955118378,0.824583583773761,0.957094326462995,0.77,-0.120838955118378,-0.0545835837737609,-0.187094326462995,FALSE,910050,209312
"Ecuador","ECU","Americas","UMIC",2020,"ARIMA(1,0,1) with non-zero mean",0.852239524825842,0.805831032313963,0.898648017337722,0.7,-0.152239524825842,-0.105831032313963,-0.198648017337722,FALSE,296466,88940
"Ecuador","ECU","Americas","UMIC",2021,"ARIMA(1,0,1) with non-zero mean",0.859378701704621,0.78421338824106,0.934544015168182,0.72,-0.139378701704621,-0.0642133882410597,-0.214544015168182,FALSE,296230,82944
"Ecuador","ECU","Americas","UMIC",2022,"ARIMA(1,0,1) with non-zero mean",0.864373843706316,0.778575605648869,0.950172081763764,0.7,-0.164373843706316,-0.0785756056488689,-0.250172081763764,FALSE,295881,88764
"Egypt","EGY","Africa","LMIC",2020,"ARIMA(2,1,0)",0.945972593840127,0.920758139361612,0.971187048318643,0.94,-0.00597259384012749,0.0192418606383883,-0.0311870483186433,TRUE,2441066,146464
"Egypt","EGY","Africa","LMIC",2021,"ARIMA(2,1,0)",0.949115850038063,0.923300941191627,0.974930758884499,0.96,0.010884149961937,0.0366990588083728,-0.0149307588844988,TRUE,2430330,97213
"Egypt","EGY","Africa","LMIC",2022,"ARIMA(2,1,0)",0.948284643437587,0.920324967942844,0.97624431893233,0.97,0.021715356562413,0.0496750320571562,-0.00624431893233024,TRUE,2419232,72577
"Eritrea","ERI","Africa","LIC",2020,"ARIMA(1,0,1) with non-zero mean",0.948269170818949,0.91147696327866,0.985061378359238,0.95,0.00173082918105072,0.0385230367213397,-0.0350613783592383,TRUE,99651,4983
"Eritrea","ERI","Africa","LIC",2021,"ARIMA(1,0,1) with non-zero mean",0.942412242736397,0.871968751537826,0.99,0.95,0.0075877572636025,0.0780312484621736,-0.04,TRUE,101242,5062
"Eritrea","ERI","Africa","LIC",2022,"ARIMA(1,0,1) with non-zero mean",0.937574369465656,0.851409346914681,0.99,0.95,0.0124256305343442,0.0985906530853189,-0.04,TRUE,102355,5118
"Spain","ESP","Europe","HIC",2020,"ARIMA(0,0,0) with non-zero mean",0.965,0.946460596734778,0.983539403265222,0.94,-0.0249999999999999,-0.00646059673477783,-0.043539403265222,FALSE,351250,21075
"Spain","ESP","Europe","HIC",2021,"ARIMA(0,0,0) with non-zero mean",0.965,0.946460596734778,0.983539403265222,0.92,-0.0449999999999998,-0.0264605967347777,-0.0635394032652219,FALSE,356895,28552
"Spain","ESP","Europe","HIC",2022,"ARIMA(0,0,0) with non-zero mean",0.965,0.946460596734778,0.983539403265222,0.93,-0.0349999999999998,-0.0164605967347777,-0.0535394032652219,FALSE,355696,24899
"Estonia","EST","Europe","HIC",2020,"ARIMA(0,1,0)",0.91,0.894418173441224,0.925581826558776,0.91,0,0.015581826558776,-0.015581826558776,TRUE,13884,1250
"Estonia","EST","Europe","HIC",2021,"ARIMA(0,1,0)",0.91,0.887963969554034,0.932036030445966,0.9,-0.01,0.0120360304459664,-0.0320360304459664,TRUE,13622,1362
"Estonia","EST","Europe","HIC",2022,"ARIMA(0,1,0)",0.91,0.883011484725474,0.936988515274526,0.85,-0.0600000000000001,-0.0330114847254739,-0.0869885152745262,FALSE,13402,2010
"Ethiopia","ETH","Africa","LIC",2020,"ARIMA(0,1,0) with drift",0.7,0.657659741206963,0.742340258793037,0.71,0.0099999999999999,0.0523402587930369,-0.0323402587930371,TRUE,3725142,1080291
"Ethiopia","ETH","Africa","LIC",2021,"ARIMA(0,1,0) with drift",0.72,0.6601218317805,0.7798781682195,0.65,-0.0700000000000001,-0.0101218317805004,-0.1298781682195,FALSE,3780606,1323212
"Ethiopia","ETH","Africa","LIC",2022,"ARIMA(0,1,0) with drift",0.74,0.666664520564845,0.813335479435155,0.65,-0.0900000000000001,-0.0166645205648449,-0.163335479435155,FALSE,3819980,1336993
"Finland","FIN","Europe","HIC",2020,"ARIMA(0,1,0)",0.91,0.879500236769494,0.940499763230506,0.9,-0.01,0.0204997632305058,-0.0404997632305059,TRUE,46170,4617
"Finland","FIN","Europe","HIC",2021,"ARIMA(0,1,0)",0.91,0.86686682119025,0.95313317880975,0.89,-0.02,0.0231331788097496,-0.0631331788097497,TRUE,46814,5150
"Finland","FIN","Europe","HIC",2022,"ARIMA(0,1,0)",0.91,0.857172860465943,0.962827139534057,0.91,0,0.0528271395340573,-0.0528271395340573,TRUE,47070,4236
"Fiji","FJI","Oceania","UMIC",2020,"ARIMA(2,0,0) with non-zero mean",0.985083902886759,0.953036567507321,0.99,0.99,0.00491609711324115,0.0369634324926785,0,TRUE,17753,178
"Fiji","FJI","Oceania","UMIC",2021,"ARIMA(2,0,0) with non-zero mean",0.987721543029346,0.935147903376579,0.99,0.99,0.00227845697065354,0.0548520966234208,0,TRUE,17572,176
"Fiji","FJI","Oceania","UMIC",2022,"ARIMA(2,0,0) with non-zero mean",0.982614936925359,0.918861639918333,0.99,0.99,0.00738506307464082,0.0711383600816667,0,TRUE,17538,175
"France","FRA","Europe","HIC",2020,"ARIMA(1,0,0) with non-zero mean",0.961646330647379,0.949605515281751,0.973687146013008,0.96,-0.00164633064737951,0.0103944847182493,-0.0136871460130084,TRUE,679753,27190
"France","FRA","Europe","HIC",2021,"ARIMA(1,0,0) with non-zero mean",0.963072097230463,0.947143584126405,0.979000610334521,0.96,-0.00307209723046298,0.0128564158735949,-0.0190006103345208,TRUE,675207,27008
"France","FRA","Europe","HIC",2022,"ARIMA(1,0,0) with non-zero mean",0.964306849406566,0.945996469078426,0.982617229734706,0.96,-0.00430684940656623,0.014003530921574,-0.0226172297347065,TRUE,670978,26839
"Micronesia (Federated States of)","FSM","Oceania","LMIC",2020,"ARIMA(0,0,0) with non-zero mean",0.8025,0.657510766119892,0.947489233880108,0.83,0.0275000000000001,0.172489233880108,-0.117489233880108,TRUE,2300,391
"Micronesia (Federated States of)","FSM","Oceania","LMIC",2021,"ARIMA(0,0,0) with non-zero mean",0.8025,0.657510766119892,0.947489233880108,0.72,-0.0824999999999999,0.062489233880108,-0.227489233880108,TRUE,2315,648
"Micronesia (Federated States of)","FSM","Oceania","LMIC",2022,"ARIMA(0,0,0) with non-zero mean",0.8025,0.657510766119892,0.947489233880108,0.69,-0.1125,0.0324892338801079,-0.257489233880108,TRUE,2328,722
"Gabon","GAB","Africa","UMIC",2020,"ARIMA(0,1,0)",0.7,0.510987809984969,0.889012190015031,0.63,-0.07,0.119012190015031,-0.259012190015031,TRUE,61806,22868
"Gabon","GAB","Africa","UMIC",2021,"ARIMA(0,1,0)",0.7,0.432696397426903,0.967303602573097,0.75,0.05,0.317303602573097,-0.217303602573097,TRUE,61903,15476
"Gabon","GAB","Africa","UMIC",2022,"ARIMA(0,1,0)",0.7,0.372621283644104,0.99,0.6,-0.1,0.227378716355896,-0.39,TRUE,62375,24950
"United Kingdom","GBR","Europe","HIC",2020,"ARIMA(0,1,0)",0.93,0.917275493670162,0.942724506329838,0.93,0,0.0127245063298379,-0.0127245063298379,TRUE,676382,47347
"United Kingdom","GBR","Europe","HIC",2021,"ARIMA(0,1,0)",0.93,0.912004830573841,0.947995169426159,0.93,0,0.017995169426159,-0.017995169426159,TRUE,675119,47258
"United Kingdom","GBR","Europe","HIC",2022,"ARIMA(0,1,0)",0.93,0.907960508535489,0.952039491464511,0.92,-0.01,0.012039491464511,-0.032039491464511,TRUE,675022,54002
"Georgia","GEO","Asia","UMIC",2020,"ARIMA(0,1,0)",0.94,0.850069965394403,0.99,0.88,-0.0599999999999999,0.0299300346055971,-0.11,TRUE,48488,5819
"Georgia","GEO","Asia","UMIC",2021,"ARIMA(0,1,0)",0.94,0.812819725396083,0.99,0.85,-0.09,0.0371802746039172,-0.14,TRUE,50077,7512
"Georgia","GEO","Asia","UMIC",2022,"ARIMA(0,1,0)",0.94,0.784236610936679,0.99,0.85,-0.09,0.0657633890633215,-0.14,TRUE,48759,7314
"Ghana","GHA","Africa","LMIC",2020,"ARIMA(0,1,0)",0.97,0.874933213473776,0.99,0.94,-0.03,0.0650667865262242,-0.05,TRUE,876581,52595
"Ghana","GHA","Africa","LMIC",2021,"ARIMA(0,1,0)",0.97,0.835555261163386,0.99,0.98,0.01,0.144444738836614,-0.01,TRUE,879551,17591
"Ghana","GHA","Africa","LMIC",2022,"ARIMA(0,1,0)",0.97,0.805339495624275,0.99,0.99,0.02,0.184660504375725,0,TRUE,881846,8818
"Gambia","GMB","Africa","LIC",2020,"ARIMA(0,2,1)",0.864694059795189,0.804648319974844,0.924739799615533,0.85,-0.0146940597951887,0.0453516800251561,-0.0747397996155335,TRUE,84469,12670
"Gambia","GMB","Africa","LIC",2021,"ARIMA(0,2,1)",0.849388119590377,0.75379879874237,0.944977440438384,0.82,-0.0293881195903773,0.0662012012576298,-0.124977440438385,TRUE,85508,15391
"Gambia","GMB","Africa","LIC",2022,"ARIMA(0,2,1)",0.834082179385566,0.703674445759416,0.964489913011715,0.79,-0.0440821793855659,0.0863255542405836,-0.174489913011715,TRUE,86361,18136
"Guinea-Bissau","GNB","Africa","LIC",2020,"ARIMA(1,2,0)",0.795990357625207,0.754525817132291,0.837454898118122,0.74,-0.0559903576252068,-0.0145258171322913,-0.0974548981181222,FALSE,61083,15882
"Guinea-Bissau","GNB","Africa","LIC",2021,"ARIMA(1,2,0)",0.767196141721863,0.702422071005791,0.831970212437934,0.67,-0.0971961417218625,-0.0324220710057911,-0.161970212437934,FALSE,61475,20287
"Guinea-Bissau","GNB","Africa","LIC",2022,"ARIMA(1,2,0)",0.774223415646461,0.667681688845517,0.880765142447404,0.74,-0.0342234156464607,0.0723183111544827,-0.140765142447404,TRUE,61890,16091
"Equatorial Guinea","GNQ","Africa","UMIC",2020,"ARIMA(0,1,0)",0.53,0.442810152016495,0.617189847983505,0.53,0,0.0871898479835049,-0.0871898479835049,TRUE,47511,22330
"Equatorial Guinea","GNQ","Africa","UMIC",2021,"ARIMA(0,1,0)",0.53,0.406694934480479,0.653305065519521,0.53,0,0.123305065519521,-0.123305065519521,TRUE,47550,22348
"Equatorial Guinea","GNQ","Africa","UMIC",2022,"ARIMA(0,1,0)",0.53,0.378982753388363,0.681017246611637,0.53,0,0.151017246611637,-0.151017246611637,TRUE,47845,22487
"Greece","GRC","Europe","HIC",2020,"ARIMA(0,2,1)",0.99,0.979358798823176,0.99,0.99,0,0.0106412011768241,0,TRUE,80826,808
"Greece","GRC","Europe","HIC",2021,"ARIMA(0,2,1)",0.99,0.970085250919691,0.99,0.99,0,0.0199147490803087,0,TRUE,78837,788
"Greece","GRC","Europe","HIC",2022,"ARIMA(0,2,1)",0.99,0.95955700808547,0.99,0.99,0,0.0304429919145298,0,TRUE,76918,769
"Grenada","GRD","Americas","UMIC",2020,"ARIMA(0,0,0) with non-zero mean",0.95549999999991,0.884554091271321,0.99,0.72,-0.23549999999991,-0.164554091271321,-0.27,FALSE,1990,557
"Grenada","GRD","Americas","UMIC",2021,"ARIMA(0,0,0) with non-zero mean",0.95549999999991,0.884554091271321,0.99,0.77,-0.18549999999991,-0.114554091271321,-0.22,FALSE,1967,452
"Grenada","GRD","Americas","UMIC",2022,"ARIMA(0,0,0) with non-zero mean",0.95549999999991,0.884554091271321,0.99,0.77,-0.18549999999991,-0.114554091271321,-0.22,FALSE,1939,446
"Guatemala","GTM","Americas","UMIC",2020,"ARIMA(0,0,1) with non-zero mean",0.864054922759304,0.741503448240275,0.986606397278332,0.83,-0.0340549227593036,0.0884965517597246,-0.156606397278332,TRUE,372306,63292
"Guatemala","GTM","Americas","UMIC",2021,"ARIMA(0,0,1) with non-zero mean",0.86043720678696,0.72174138752182,0.99,0.79,-0.0704372067869601,0.0682586124781801,-0.2,TRUE,365842,76827
"Guatemala","GTM","Americas","UMIC",2022,"ARIMA(0,0,1) with non-zero mean",0.86043720678696,0.72174138752182,0.99,0.79,-0.0704372067869601,0.0682586124781801,-0.2,TRUE,365758,76809
"Guyana","GUY","Americas","HIC",2020,"ARIMA(0,1,1) with drift",0.987620088083278,0.944284459286915,0.99,0.99,0.00237991191672171,0.0457155407130847,0,TRUE,15971,160
"Guyana","GUY","Americas","HIC",2021,"ARIMA(0,1,1) with drift",0.99,0.947882280220169,0.99,0.98,-0.01,0.0321177197798315,-0.01,TRUE,16043,321
"Guyana","GUY","Americas","HIC",2022,"ARIMA(0,1,1) with drift",0.99,0.95154705248425,0.99,0.98,-0.01,0.0284529475157501,-0.01,TRUE,15790,316
"Honduras","HND","Americas","LMIC",2020,"ARIMA(1,0,0) with non-zero mean",0.897097281436777,0.850801511276644,0.94339305159691,0.8,-0.0970972814367769,-0.0508015112766441,-0.14339305159691,FALSE,213592,42718
"Honduras","HND","Americas","LMIC",2021,"ARIMA(1,0,0) with non-zero mean",0.909458451941951,0.852330238187524,0.966586665696377,0.77,-0.139458451941951,-0.0823302381875243,-0.196586665696377,FALSE,214096,49242
"Honduras","HND","Americas","LMIC",2022,"ARIMA(1,0,0) with non-zero mean",0.918395459665839,0.856353146779649,0.98043777255203,0.78,-0.138395459665839,-0.076353146779649,-0.20043777255203,FALSE,215156,47334
"Croatia","HRV","Europe","HIC",2020,"ARIMA(1,0,0) with non-zero mean",0.94102179397957,0.923707187976374,0.958336399982767,0.94,-0.00102179397957047,0.0162928120236256,-0.0183363999827666,TRUE,35642,2139
"Croatia","HRV","Europe","HIC",2021,"ARIMA(1,0,0) with non-zero mean",0.941836637151378,0.919690534038868,0.963982740263887,0.92,-0.0218366371513776,0.000309465961131905,-0.0439827402638872,TRUE,34617,2769
"Croatia","HRV","Europe","HIC",2022,"ARIMA(1,0,0) with non-zero mean",0.942486444654569,0.917753955036366,0.967218934272773,0.92,-0.0224864446545693,0.00224604496363445,-0.047218934272773,TRUE,33836,2707
"Hungary","HUN","Europe","HIC",2020,"ARIMA(0,0,0) with non-zero mean",0.99,0.99,0.99,0.99,0,0,0,TRUE,92274,923
"Hungary","HUN","Europe","HIC",2021,"ARIMA(0,0,0) with non-zero mean",0.99,0.99,0.99,0.99,0,0,0,TRUE,91627,916
"Hungary","HUN","Europe","HIC",2022,"ARIMA(0,0,0) with non-zero mean",0.99,0.99,0.99,0.99,0,0,0,TRUE,91111,911
"Indonesia","IDN","Asia","UMIC",2020,"ARIMA(0,1,0)",0.85,0.793122707357008,0.906877292642992,0.77,-0.08,-0.0231227073570076,-0.136877292642992,FALSE,4449025,1023276
"Indonesia","IDN","Asia","UMIC",2021,"ARIMA(0,1,0)",0.85,0.769563361353217,0.930436638646783,0.67,-0.18,-0.0995633613532168,-0.260436638646783,FALSE,4422245,1459341
"Indonesia","IDN","Asia","UMIC",2022,"ARIMA(0,1,0)",0.85,0.751485639345374,0.948514360654626,0.85,0,0.0985143606546262,-0.0985143606546262,TRUE,4392068,658810
"India","IND","Asia","LMIC",2020,"ARIMA(0,1,0) with drift",0.927368421052628,0.892894537057284,0.961842305047972,0.85,-0.0773684210526281,-0.0428945370572842,-0.111842305047972,FALSE,22595171,3389276
"India","IND","Asia","LMIC",2021,"ARIMA(0,1,0) with drift",0.944736842105256,0.895983407811364,0.99,0.85,-0.094736842105256,-0.045983407811364,-0.14,FALSE,22591299,3388695
"India","IND","Asia","LMIC",2022,"ARIMA(0,1,0) with drift",0.962105263157884,0.902394744543713,0.99,0.93,-0.032105263157884,0.0276052554562871,-0.0599999999999999,TRUE,22519905,1576393
"Ireland","IRL","Europe","HIC",2020,"ARIMA(0,1,1)",0.943548924548465,0.922064089681332,0.965033759415599,0.94,-0.00354892454846545,0.0179359103186679,-0.0250337594155988,TRUE,59539,3572
"Ireland","IRL","Europe","HIC",2021,"ARIMA(0,1,1)",0.943548924548465,0.902483071820727,0.984614777276204,0.94,-0.00354892454846545,0.037516928179273,-0.0446147772762039,TRUE,58438,3506
"Ireland","IRL","Europe","HIC",2022,"ARIMA(0,1,1)",0.943548924548465,0.889593291003444,0.99,0.93,-0.0135489245484653,0.0404067089965557,-0.0599999999999999,TRUE,57440,4021
"Iran (Islamic Republic of)","IRN","Asia","LMIC",2020,"ARIMA(0,0,0) with non-zero mean",0.984999999999989,0.963435707770769,0.99,0.99,0.00500000000001111,0.0265642922292307,0,TRUE,1231025,12310
"Iran (Islamic Republic of)","IRN","Asia","LMIC",2021,"ARIMA(0,0,0) with non-zero mean",0.984999999999989,0.963435707770769,0.99,0.98,-0.0049999999999889,0.0165642922292307,-0.01,TRUE,1192886,23858
"Iran (Islamic Republic of)","IRN","Asia","LMIC",2022,"ARIMA(0,0,0) with non-zero mean",0.984999999999989,0.963435707770769,0.99,0.99,0.00500000000001111,0.0265642922292307,0,TRUE,1162191,11622
"Iraq","IRQ","Asia","UMIC",2020,"ARIMA(1,0,0) with non-zero mean",0.812766358484008,0.700566602104267,0.924966114863749,0.74,-0.0727663584840079,0.0394333978957331,-0.184966114863749,TRUE,1157092,300844
"Iraq","IRQ","Asia","UMIC",2021,"ARIMA(1,0,0) with non-zero mean",0.794004737747435,0.657757007444538,0.930252468050332,0.78,-0.0140047377474347,0.122242992555462,-0.150252468050332,TRUE,1170541,257519
"Iraq","IRQ","Asia","UMIC",2022,"ARIMA(1,0,0) with non-zero mean",0.781079605702338,0.634795542775066,0.927363668629611,0.93,0.148920394297662,0.295204457224934,0.0026363313703891,FALSE,1183936,82876
"Iceland","ISL","Europe","HIC",2020,"ARIMA(0,1,0)",0.92,0.867947780505999,0.972052219494002,0.93,0.01,0.0620522194940015,-0.0420522194940015,TRUE,4529,317
"Iceland","ISL","Europe","HIC",2021,"ARIMA(0,1,0)",0.92,0.846387045239962,0.99,0.92,0,0.073612954760038,-0.07,TRUE,4568,365
"Iceland","ISL","Europe","HIC",2022,"ARIMA(0,1,0)",0.92,0.829842911189662,0.99,0.92,0,0.0901570888103377,-0.07,TRUE,4562,365
"Israel","ISR","Asia","HIC",2020,"ARIMA(0,1,0)",0.98,0.946650695589806,0.99,0.98,0,0.0333493044101945,-0.01,TRUE,174879,3498
"Israel","ISR","Asia","HIC",2021,"ARIMA(0,1,0)",0.98,0.932836961407394,0.99,0.98,0,0.0471630385926058,-0.01,TRUE,173883,3478
"Israel","ISR","Asia","HIC",2022,"ARIMA(0,1,0)",0.98,0.922237310364462,0.99,0.98,0,0.0577626896355377,-0.01,TRUE,174237,3485
"Italy","ITA","Europe","HIC",2020,"ARIMA(1,0,0) with non-zero mean",0.95557327371595,0.918836510176721,0.99,0.94,-0.01557327371595,0.0211634898232789,-0.05,TRUE,409281,24557
"Italy","ITA","Europe","HIC",2021,"ARIMA(1,0,0) with non-zero mean",0.952080642496735,0.905286295288626,0.99,0.94,-0.0120806424967355,0.0347137047113739,-0.05,TRUE,409696,24582
"Italy","ITA","Europe","HIC",2022,"ARIMA(1,0,0) with non-zero mean",0.949325000505184,0.897241536109575,0.99,0.95,0.000674999494815864,0.0527584638904253,-0.04,TRUE,406559,20328
"Jamaica","JAM","Americas","UMIC",2020,"ARIMA(0,0,0) with non-zero mean",0.9475,0.887890022570529,0.99,0.96,0.0125000000000001,0.0721099774294712,-0.03,TRUE,32984,1319
"Jamaica","JAM","Americas","UMIC",2021,"ARIMA(0,0,0) with non-zero mean",0.9475,0.887890022570529,0.99,0.9,-0.0474999999999999,0.0121099774294713,-0.09,TRUE,32827,3283
"Jamaica","JAM","Americas","UMIC",2022,"ARIMA(0,0,0) with non-zero mean",0.9475,0.887890022570529,0.99,0.98,0.0325000000000001,0.0921099774294712,-0.01,TRUE,32341,647
"Jordan","JOR","Asia","LMIC",2020,"ARIMA(0,0,0) with non-zero mean",0.966999999999986,0.915300419624219,0.99,0.77,-0.196999999999986,-0.145300419624219,-0.22,FALSE,240279,55264
"Jordan","JOR","Asia","LMIC",2021,"ARIMA(0,0,0) with non-zero mean",0.966999999999986,0.915300419624219,0.99,0.77,-0.196999999999986,-0.145300419624219,-0.22,FALSE,241764,55606
"Jordan","JOR","Asia","LMIC",2022,"ARIMA(0,0,0) with non-zero mean",0.966999999999986,0.915300419624219,0.99,0.77,-0.196999999999986,-0.145300419624219,-0.22,FALSE,242668,55814
"Japan","JPN","Asia","HIC",2020,"ARIMA(1,0,0) with non-zero mean",0.974766656281881,0.9239678551874,0.99,0.96,-0.0147666562818806,0.0360321448125996,-0.03,TRUE,826352,33054
"Japan","JPN","Asia","HIC",2021,"ARIMA(1,0,0) with non-zero mean",0.9704634650061,0.904696800692515,0.99,0.99,0.0195365349939003,0.0853031993074854,0,TRUE,817283,8173
"Japan","JPN","Asia","HIC",2022,"ARIMA(1,0,0) with non-zero mean",0.966925104800206,0.892730076102002,0.99,0.99,0.0230748951997936,0.0972699238979984,0,TRUE,813535,8135
"Kazakhstan","KAZ","Asia","UMIC",2020,"ARIMA(0,0,0) with non-zero mean",0.9595,0.860073187710801,0.99,0.88,-0.0794999999999998,0.0199268122891988,-0.11,TRUE,424472,50937
"Kazakhstan","KAZ","Asia","UMIC",2021,"ARIMA(0,0,0) with non-zero mean",0.9595,0.860073187710801,0.99,0.95,-0.00949999999999984,0.0899268122891987,-0.04,TRUE,410302,20515
"Kazakhstan","KAZ","Asia","UMIC",2022,"ARIMA(0,0,0) with non-zero mean",0.9595,0.860073187710801,0.99,0.99,0.0305000000000002,0.129926812289199,0,TRUE,399544,3995
"Kenya","KEN","Africa","LMIC",2020,"ARIMA(0,1,0)",0.91,0.810161577153103,0.99,0.89,-0.02,0.0798384228468974,-0.1,TRUE,1417397,155914
"Kenya","KEN","Africa","LMIC",2021,"ARIMA(0,1,0)",0.91,0.768807148363978,0.99,0.91,0,0.141192851636022,-0.08,TRUE,1430189,128717
"Kenya","KEN","Africa","LMIC",2022,"ARIMA(0,1,0)",0.91,0.737074779081628,0.99,0.9,-0.01,0.162925220918372,-0.09,TRUE,1451833,145183
"Kyrgyzstan","KGZ","Asia","LMIC",2020,"ARIMA(0,0,1) with non-zero mean",0.953469585030834,0.918863496417943,0.988075673643726,0.87,-0.0834695850308345,-0.0488634964179431,-0.118075673643726,FALSE,158363,20587
"Kyrgyzstan","KGZ","Asia","LMIC",2021,"ARIMA(0,0,1) with non-zero mean",0.96106769499908,0.919981709550153,0.99,0.89,-0.0710676949990797,-0.029981709550153,-0.1,FALSE,155579,17114
"Kyrgyzstan","KGZ","Asia","LMIC",2022,"ARIMA(0,0,1) with non-zero mean",0.96106769499908,0.919981709550153,0.99,0.9,-0.0610676949990797,-0.019981709550153,-0.09,FALSE,152979,15298
"Cambodia","KHM","Asia","LMIC",2020,"ARIMA(0,1,0)",0.88,0.762832465621228,0.99,0.87,-0.01,0.107167534378772,-0.12,TRUE,319367,41518
"Cambodia","KHM","Asia","LMIC",2021,"ARIMA(0,1,0)",0.88,0.714300083811725,0.99,0.87,-0.01,0.155699916188275,-0.12,TRUE,314929,40941
"Cambodia","KHM","Asia","LMIC",2022,"ARIMA(0,1,0)",0.88,0.677059877458394,0.99,0.85,-0.03,0.172940122541606,-0.14,TRUE,312448,46867
"Kiribati","KIR","Oceania","LMIC",2020,"ARIMA(1,0,0) with non-zero mean",0.926815411575038,0.768847143919512,0.99,0.92,-0.00681541157503818,0.151152856080488,-0.07,TRUE,3384,271
"Kiribati","KIR","Oceania","LMIC",2021,"ARIMA(1,0,0) with non-zero mean",0.901139573704995,0.717359136271798,0.99,0.9,-0.00113957370499462,0.182640863728202,-0.09,TRUE,3396,340
"Kiribati","KIR","Oceania","LMIC",2022,"ARIMA(1,0,0) with non-zero mean",0.885873742204151,0.693796709884882,0.99,0.91,0.0241262577958494,0.216203290115118,-0.08,TRUE,3400,306
"Saint Kitts and Nevis","KNA","Americas","HIC",2020,"ARIMA(0,0,0) with non-zero mean",0.977999999999999,0.952091615577085,0.99,0.99,0.0120000000000006,0.0379083844229147,0,TRUE,589,6
"Saint Kitts and Nevis","KNA","Americas","HIC",2021,"ARIMA(0,0,0) with non-zero mean",0.977999999999999,0.952091615577085,0.99,0.96,-0.0179999999999995,0.00790838442291464,-0.03,TRUE,574,23
"Saint Kitts and Nevis","KNA","Americas","HIC",2022,"ARIMA(0,0,0) with non-zero mean",0.977999999999999,0.952091615577085,0.99,0.96,-0.0179999999999995,0.00790838442291464,-0.03,TRUE,559,22
"Republic of Korea","KOR","Asia","HIC",2020,"ARIMA(0,0,0) with non-zero mean",0.964,0.907337394642255,0.99,0.98,0.0160000000000002,0.0726626053577448,-0.01,TRUE,293613,5872
"Republic of Korea","KOR","Asia","HIC",2021,"ARIMA(0,0,0) with non-zero mean",0.964,0.907337394642255,0.99,0.98,0.0160000000000002,0.0726626053577448,-0.01,TRUE,288419,5768
"Republic of Korea","KOR","Asia","HIC",2022,"ARIMA(0,0,0) with non-zero mean",0.964,0.907337394642255,0.99,0.98,0.0160000000000002,0.0726626053577448,-0.01,TRUE,285127,5703
"Kuwait","KWT","Asia","HIC",2020,"ARIMA(1,0,0) with non-zero mean",0.948665509678488,0.905604496393582,0.99,0.93,-0.0186655096784879,0.0243955036064177,-0.0599999999999999,TRUE,52595,3682
"Kuwait","KWT","Asia","HIC",2021,"ARIMA(1,0,0) with non-zero mean",0.962662277413172,0.914742190479788,0.99,0.94,-0.0226622774131719,0.0252578095202117,-0.05,TRUE,44119,2647
"Kuwait","KWT","Asia","HIC",2022,"ARIMA(1,0,0) with non-zero mean",0.969496605817446,0.920489108556925,0.99,0.96,-0.00949660581744616,0.0395108914430752,-0.03,TRUE,41217,1649
"Lao People's Democratic Republic","LAO","Asia","LMIC",2020,"ARIMA(0,1,0)",0.8,0.706003149653334,0.893996850346666,0.79,-0.01,0.0839968503466658,-0.103996850346666,TRUE,159437,33482
"Lao People's Democratic Republic","LAO","Asia","LMIC",2021,"ARIMA(0,1,0)",0.8,0.667068379419391,0.932931620580609,0.75,-0.05,0.082931620580609,-0.182931620580609,TRUE,158442,39610
"Lao People's Democratic Republic","LAO","Asia","LMIC",2022,"ARIMA(0,1,0)",0.8,0.637192679448127,0.962807320551874,0.8,0,0.162807320551874,-0.162807320551874,TRUE,157386,31477
"Lebanon","LBN","Asia","LMIC",2020,"ARIMA(1,1,0)",0.83,0.807832698145348,0.852167301854652,0.71,-0.12,-0.0978326981453477,-0.142167301854652,FALSE,87233,25298
"Lebanon","LBN","Asia","LMIC",2021,"ARIMA(1,1,0)",0.83,0.786462960426296,0.873537039573704,0.67,-0.16,-0.116462960426296,-0.203537039573704,FALSE,83990,27717
"Lebanon","LBN","Asia","LMIC",2022,"ARIMA(1,1,0)",0.83,0.765169589828176,0.894830410171824,0.67,-0.16,-0.095169589828176,-0.224830410171824,FALSE,80709,26634
"Liberia","LBR","Africa","LIC",2020,"ARIMA(0,1,0)",0.7,0.512221963172504,0.887778036827496,0.65,-0.0499999999999999,0.137778036827496,-0.237778036827496,TRUE,154094,53933
"Liberia","LBR","Africa","LIC",2021,"ARIMA(0,1,0)",0.7,0.43444175360276,0.96555824639724,0.66,-0.0399999999999999,0.22555824639724,-0.30555824639724,TRUE,155385,52831
"Liberia","LBR","Africa","LIC",2022,"ARIMA(0,1,0)",0.7,0.374758899669237,0.99,0.78,0.0800000000000001,0.405241100330763,-0.21,TRUE,157137,34570
"Libya","LBY","Africa","UMIC",2020,"ARIMA(1,0,0) with non-zero mean",0.764661280605655,0.656549034040997,0.872773527170313,0.73,-0.0346612806056551,0.0734509659590029,-0.142773527170313,TRUE,120726,32596
"Libya","LBY","Africa","UMIC",2021,"ARIMA(1,0,0) with non-zero mean",0.792649246868415,0.653692040698756,0.931606453038073,0.73,-0.0626492468684146,0.0763079593012439,-0.201606453038073,TRUE,119101,32157
"Libya","LBY","Africa","UMIC",2022,"ARIMA(1,0,0) with non-zero mean",0.815248707760738,0.659434828904013,0.971062586617463,0.73,-0.0852487077607382,0.070565171095987,-0.241062586617463,TRUE,116912,31566
"Saint Lucia","LCA","Americas","UMIC",2020,"ARIMA(1,1,0)",0.944679856932445,0.788604772602545,0.99,0.86,-0.0846798569324448,0.0713952273974546,-0.13,TRUE,2069,290
"Saint Lucia","LCA","Americas","UMIC",2021,"ARIMA(1,1,0)",0.924376678992247,0.765866405151089,0.99,0.8,-0.124376678992247,0.0341335948489115,-0.19,TRUE,2043,409
"Saint Lucia","LCA","Americas","UMIC",2022,"ARIMA(1,1,0)",0.941079329886849,0.73396622922035,0.99,0.81,-0.131079329886849,0.0760337707796503,-0.18,TRUE,2014,383
"Sri Lanka","LKA","Asia","LMIC",2020,"ARIMA(2,1,0)",0.99,0.976762506626411,0.99,0.96,-0.03,-0.0167625066264114,-0.03,FALSE,308186,12327
"Sri Lanka","LKA","Asia","LMIC",2021,"ARIMA(2,1,0)",0.99,0.976705604901597,0.99,0.96,-0.03,-0.0167056049015972,-0.03,FALSE,304378,12175
"Sri Lanka","LKA","Asia","LMIC",2022,"ARIMA(2,1,0)",0.99,0.975017002223586,0.99,0.98,-0.01,0.00498299777641376,-0.01,TRUE,299963,5999
"Lithuania","LTU","Europe","HIC",2020,"ARIMA(2,0,0) with non-zero mean",0.931993907379336,0.909664432745606,0.954323382013065,0.91,-0.0219939073793357,0.000335567254393654,-0.0443233820130651,TRUE,27431,2469
"Lithuania","LTU","Europe","HIC",2021,"ARIMA(2,0,0) with non-zero mean",0.941552835843888,0.912999205524958,0.970106466162818,0.9,-0.041552835843888,-0.0129992055249578,-0.0701064661628182,FALSE,26793,2679
"Lithuania","LTU","Europe","HIC",2022,"ARIMA(2,0,0) with non-zero mean",0.944300497217812,0.915292269193246,0.973308725242377,0.9,-0.0443004972178115,-0.0152922691932456,-0.0733087252423774,FALSE,26143,2614
"Luxembourg","LUX","Europe","HIC",2020,"ARIMA(0,0,0) with non-zero mean",0.9895,0.985117387297117,0.99,0.99,0.000499999999999945,0.00488261270288282,0,TRUE,6444,64
"Luxembourg","LUX","Europe","HIC",2021,"ARIMA(0,0,0) with non-zero mean",0.9895,0.985117387297117,0.99,0.99,0.000499999999999945,0.00488261270288282,0,TRUE,6564,66
"Luxembourg","LUX","Europe","HIC",2022,"ARIMA(0,0,0) with non-zero mean",0.9895,0.985117387297117,0.99,0.99,0.000499999999999945,0.00488261270288282,0,TRUE,6658,67
"Latvia","LVA","Europe","HIC",2020,"ARIMA(1,0,0) with non-zero mean",0.981638022303634,0.945717777033122,0.99,0.99,0.00836197769636571,0.0442822229668781,0,TRUE,17496,175
"Latvia","LVA","Europe","HIC",2021,"ARIMA(1,0,0) with non-zero mean",0.975548271049354,0.931111971343388,0.99,0.94,-0.0355482710493538,0.00888802865661154,-0.05,TRUE,16978,1019
"Latvia","LVA","Europe","HIC",2022,"ARIMA(1,0,0) with non-zero mean",0.971113307015053,0.922765300837469,0.99,0.95,-0.0211133070150527,0.0272346991625306,-0.04,TRUE,16491,825
"Morocco","MAR","Africa","LMIC",2020,"ARIMA(0,1,0)",0.99,0.951843831689862,0.99,0.99,0,0.0381561683101378,0,TRUE,647003,6470
"Morocco","MAR","Africa","LMIC",2021,"ARIMA(0,1,0)",0.99,0.936039029287613,0.99,0.99,0,0.0539609707123874,0,TRUE,641736,6417
"Morocco","MAR","Africa","LMIC",2022,"ARIMA(0,1,0)",0.99,0.923911577864692,0.99,0.99,0,0.0660884221353082,0,TRUE,634624,6346
"Monaco","MCO","Europe","HIC",2020,"ARIMA(0,0,0) with non-zero mean",0.99,0.99,0.99,0.99,0,0,0,TRUE,323,3
"Monaco","MCO","Europe","HIC",2021,"ARIMA(0,0,0) with non-zero mean",0.99,0.99,0.99,0.99,0,0,0,TRUE,321,3
"Monaco","MCO","Europe","HIC",2022,"ARIMA(0,0,0) with non-zero mean",0.99,0.99,0.99,0.99,0,0,0,TRUE,318,3
"Republic of Moldova","MDA","Europe","UMIC",2020,"ARIMA(0,1,0)",0.91,0.85641672385461,0.96358327614539,0.86,-0.05,0.00358327614538967,-0.10358327614539,TRUE,38166,5343
"Republic of Moldova","MDA","Europe","UMIC",2021,"ARIMA(0,1,0)",0.91,0.834221804158807,0.985778195841193,0.87,-0.04,0.0357781958411928,-0.115778195841193,TRUE,37740,4906
"Republic of Moldova","MDA","Europe","UMIC",2022,"ARIMA(0,1,0)",0.91,0.817191043280192,0.99,0.88,-0.03,0.0628089567198084,-0.11,TRUE,36541,4385
"Madagascar","MDG","Africa","LIC",2020,"ARIMA(1,0,0) with non-zero mean",0.697716248817563,0.593333485843456,0.80209901179167,0.68,-0.0177162488175627,0.0866665141565441,-0.12209901179167,TRUE,857391,274365
"Madagascar","MDG","Africa","LIC",2021,"ARIMA(1,0,0) with non-zero mean",0.695911456982411,0.562868067093885,0.828954846870937,0.57,-0.125911456982411,0.00713193290611458,-0.258954846870937,TRUE,867928,373209
"Madagascar","MDG","Africa","LIC",2022,"ARIMA(1,0,0) with non-zero mean",0.694485174822919,0.546328611643315,0.842641738002523,0.57,-0.124485174822919,0.0236713883566845,-0.272641738002523,TRUE,880625,378669
"Maldives","MDV","Asia","UMIC",2020,"ARIMA(0,0,1) with non-zero mean",0.978899699581268,0.960851990122655,0.99,0.99,0.0111003004187321,0.0291480098773446,0,TRUE,7455,75
"Maldives","MDV","Asia","UMIC",2021,"ARIMA(0,0,1) with non-zero mean",0.980401388314295,0.960653407849527,0.99,0.96,-0.0204013883142947,-0.000653407849527166,-0.03,FALSE,7305,292
"Maldives","MDV","Asia","UMIC",2022,"ARIMA(0,0,1) with non-zero mean",0.980401388314295,0.960653407849527,0.99,0.99,0.0095986116857053,0.0293465921504729,0,TRUE,7160,72
"Mexico","MEX","Americas","UMIC",2020,"ARIMA(0,1,0)",0.82,0.726649926113719,0.913350073886281,0.72,-0.1,-0.0066499261137194,-0.193350073886281,FALSE,1941370,543584
"Mexico","MEX","Americas","UMIC",2021,"ARIMA(0,1,0)",0.82,0.687983059461491,0.952016940538508,0.78,-0.0399999999999999,0.0920169405385086,-0.172016940538508,TRUE,1863705,410015
"Mexico","MEX","Americas","UMIC",2022,"ARIMA(0,1,0)",0.82,0.658312929138653,0.981687070861347,0.83,0.01,0.171687070861347,-0.151687070861347,TRUE,1848667,314273
"Marshall Islands","MHL","Oceania","UMIC",2020,"ARIMA(1,0,0) with non-zero mean",0.775773170334349,0.560545520460057,0.99,0.82,0.0442268296656505,0.259454479539943,-0.17,TRUE,867,156
"Marshall Islands","MHL","Oceania","UMIC",2021,"ARIMA(1,0,0) with non-zero mean",0.764764027472598,0.492621251065634,0.99,0.86,0.0952359725274023,0.367378748934366,-0.13,TRUE,811,114
"Marshall Islands","MHL","Oceania","UMIC",2022,"ARIMA(1,0,0) with non-zero mean",0.756244826118617,0.455126914648792,0.99,0.86,0.103755173881383,0.404873085351208,-0.13,TRUE,753,105
"North Macedonia","MKD","Europe","UMIC",2020,"ARIMA(0,0,0) with non-zero mean",0.944,0.903581799780161,0.984418200219839,0.84,-0.104,-0.063581799780161,-0.144418200219839,FALSE,20210,3234
"North Macedonia","MKD","Europe","UMIC",2021,"ARIMA(0,0,0) with non-zero mean",0.944,0.903581799780161,0.984418200219839,0.81,-0.134,-0.0935817997801609,-0.174418200219838,FALSE,20028,3805
"North Macedonia","MKD","Europe","UMIC",2022,"ARIMA(0,0,0) with non-zero mean",0.944,0.903581799780161,0.984418200219839,0.84,-0.104,-0.063581799780161,-0.144418200219839,FALSE,19907,3185
"Mali","MLI","Africa","LIC",2020,"ARIMA(2,0,0) with non-zero mean",0.754712832452478,0.674405858392214,0.835019806512743,0.7,-0.0547128324524784,0.0255941416077863,-0.135019806512743,TRUE,851461,255438
"Mali","MLI","Africa","LIC",2021,"ARIMA(2,0,0) with non-zero mean",0.732178055066713,0.589128727223101,0.875227382910325,0.77,0.0378219449332872,0.180871272776899,-0.105227382910325,TRUE,872528,200681
"Mali","MLI","Africa","LIC",2022,"ARIMA(2,0,0) with non-zero mean",0.708390329420539,0.518446397610948,0.898334261230129,0.77,0.0616096705794611,0.251553602389052,-0.128334261230129,TRUE,892365,205244
"Malta","MLT","Europe","HIC",2020,"ARIMA(2,0,0) with non-zero mean",0.965762734730867,0.861760398091819,0.99,0.98,0.0142372652691332,0.118239601908181,-0.01,TRUE,4496,90
"Malta","MLT","Europe","HIC",2021,"ARIMA(2,0,0) with non-zero mean",0.94589080652702,0.789939243830924,0.99,0.99,0.0441091934729803,0.200060756169076,0,TRUE,4649,46
"Malta","MLT","Europe","HIC",2022,"ARIMA(2,0,0) with non-zero mean",0.929329889875188,0.749955949536184,0.99,0.98,0.0506701101248118,0.230044050463816,-0.01,TRUE,4835,97
"Mongolia","MNG","Asia","LMIC",2020,"ARIMA(1,0,0) with non-zero mean",0.977852256655002,0.949614502250804,0.99,0.96,-0.0178522566550021,0.0103854977491957,-0.03,TRUE,72943,2918
"Mongolia","MNG","Asia","LMIC",2021,"ARIMA(1,0,0) with non-zero mean",0.976470667829268,0.942895012908244,0.99,0.95,-0.0264706678292682,0.00710498709175633,-0.04,TRUE,70883,3544
"Mongolia","MNG","Asia","LMIC",2022,"ARIMA(1,0,0) with non-zero mean",0.975581926775623,0.940031114628726,0.99,0.95,-0.0255819267756232,0.00996888537127361,-0.04,TRUE,68948,3447
"Mozambique","MOZ","Africa","LIC",2020,"ARIMA(0,1,0)",0.88,0.820346810401072,0.939653189598928,0.79,-0.09,-0.0303468104010725,-0.149653189598927,FALSE,1104167,231875
"Mozambique","MOZ","Africa","LIC",2021,"ARIMA(0,1,0)",0.88,0.795637650230383,0.964362349769617,0.61,-0.27,-0.185637650230383,-0.354362349769617,FALSE,1125799,439062
"Mozambique","MOZ","Africa","LIC",2022,"ARIMA(0,1,0)",0.88,0.776677644781118,0.983322355218882,0.61,-0.27,-0.166677644781118,-0.373322355218882,FALSE,1141329,445118
"Mauritania","MRT","Africa","LMIC",2020,"ARIMA(0,0,0) with non-zero mean",0.7365,0.581352382704366,0.891647617295634,0.72,-0.0164999999999998,0.138647617295634,-0.171647617295634,TRUE,144730,40524
"Mauritania","MRT","Africa","LMIC",2021,"ARIMA(0,0,0) with non-zero mean",0.7365,0.581352382704366,0.891647617295634,0.68,-0.0564999999999998,0.0986476172956344,-0.211647617295634,TRUE,147564,47220
"Mauritania","MRT","Africa","LMIC",2022,"ARIMA(0,0,0) with non-zero mean",0.7365,0.581352382704366,0.891647617295634,0.76,0.0235000000000002,0.178647617295634,-0.131647617295634,TRUE,150443,36106
"Mauritius","MUS","Africa","UMIC",2020,"ARIMA(1,0,0) with non-zero mean",0.958746533380357,0.901466115593037,0.99,0.93,-0.0287465333803567,0.0285338844069633,-0.0599999999999999,TRUE,13297,931
"Mauritius","MUS","Africa","UMIC",2021,"ARIMA(1,0,0) with non-zero mean",0.958032145952554,0.892101925371386,0.99,0.92,-0.0380321459525536,0.0278980746286143,-0.07,TRUE,13267,1061
"Mauritius","MUS","Africa","UMIC",2022,"ARIMA(1,0,0) with non-zero mean",0.957624995583325,0.889119743215417,0.99,0.95,-0.00762499558332519,0.0608802567845832,-0.04,TRUE,13110,656
"Malawi","MWI","Africa","LIC",2020,"ARIMA(0,0,0) with non-zero mean",0.889,0.733770956622442,0.99,0.94,0.0509999999999999,0.206229043377558,-0.05,TRUE,627928,37676
"Malawi","MWI","Africa","LIC",2021,"ARIMA(0,0,0) with non-zero mean",0.889,0.733770956622442,0.99,0.93,0.041,0.196229043377558,-0.0599999999999999,TRUE,637864,44650
"Malawi","MWI","Africa","LIC",2022,"ARIMA(0,0,0) with non-zero mean",0.889,0.733770956622442,0.99,0.86,-0.029,0.126229043377558,-0.13,TRUE,649567,90939
"Malaysia","MYS","Asia","UMIC",2020,"ARIMA(0,1,0)",0.98,0.956202859491418,0.99,0.98,0,0.0237971405085822,-0.01,TRUE,508146,10163
"Malaysia","MYS","Asia","UMIC",2021,"ARIMA(0,1,0)",0.98,0.946345761147065,0.99,0.95,-0.03,0.00365423885293514,-0.04,TRUE,508068,25403
"Malaysia","MYS","Asia","UMIC",2022,"ARIMA(0,1,0)",0.98,0.93878214356428,0.99,0.97,-0.01,0.0312178564357198,-0.02,TRUE,506637,15199
"Namibia","NAM","Africa","UMIC",2020,"ARIMA(0,1,0)",0.87,0.814199196718315,0.925800803281685,0.93,0.0600000000000001,0.115800803281685,0.00419919671831481,FALSE,67701,4739
"Namibia","NAM","Africa","UMIC",2021,"ARIMA(0,1,0)",0.87,0.791085747207728,0.948914252792272,0.94,0.07,0.148914252792272,-0.00891425279227243,TRUE,67796,4068
"Namibia","NAM","Africa","UMIC",2022,"ARIMA(0,1,0)",0.87,0.773350173612965,0.966649826387035,0.84,-0.03,0.066649826387035,-0.126649826387035,TRUE,67362,10778
"Niger","NER","Africa","LIC",2020,"ARIMA(0,1,0) with drift",0.834736842105367,0.755157874421085,0.914315809789649,0.81,-0.0247368421053666,0.0548421255789154,-0.104315809789649,TRUE,1069907,203282
"Niger","NER","Africa","LIC",2021,"ARIMA(0,1,0) with drift",0.859473684210733,0.746932028831971,0.972015339589495,0.82,-0.0394736842107333,0.0730679711680287,-0.152015339589495,TRUE,1104024,198724
"Niger","NER","Africa","LIC",2022,"ARIMA(0,1,0) with drift",0.8842105263161,0.746375711073041,0.99,0.84,-0.0442105263160998,0.0936242889269585,-0.15,TRUE,1140790,182526
"Nigeria","NGA","Africa","LMIC",2020,"ARIMA(0,1,0)",0.66,0.547049993673918,0.772950006326082,0.62,-0.04,0.0729500063260817,-0.152950006326082,TRUE,7373502,2801931
"Nigeria","NGA","Africa","LMIC",2021,"ARIMA(0,1,0)",0.66,0.500264569183528,0.819735430816472,0.62,-0.04,0.119735430816472,-0.199735430816472,TRUE,7490708,2846469
"Nigeria","NGA","Africa","LMIC",2022,"ARIMA(0,1,0)",0.66,0.464364850328,0.855635149672,0.62,-0.04,0.155635149672,-0.235635149672,TRUE,7570882,2876935
"Nicaragua","NIC","Americas","LMIC",2020,"ARIMA(0,1,0)",0.98,0.922240645815754,0.99,0.92,-0.0599999999999999,-0.00224064581575445,-0.07,FALSE,139644,11172
"Nicaragua","NIC","Americas","LMIC",2021,"ARIMA(0,1,0)",0.98,0.898315937958729,0.99,0.87,-0.11,-0.0283159379587289,-0.12,FALSE,138979,18067
"Nicaragua","NIC","Americas","LMIC",2022,"ARIMA(0,1,0)",0.98,0.879957863940521,0.99,0.92,-0.0599999999999999,0.0400421360594793,-0.07,TRUE,137669,11014
"Netherlands (Kingdom of the)","NLD","Europe","HIC",2020,"ARIMA(0,1,0)",0.94,0.925080533507927,0.954919466492073,0.94,0,0.0149194664920727,-0.0149194664920727,TRUE,172527,10352
"Netherlands (Kingdom of the)","NLD","Europe","HIC",2021,"ARIMA(0,1,0)",0.94,0.91890068814354,0.96109931185646,0.95,0.01,0.0310993118564601,-0.0110993118564601,TRUE,179730,8986
"Netherlands (Kingdom of the)","NLD","Europe","HIC",2022,"ARIMA(0,1,0)",0.94,0.914158726013909,0.965841273986091,0.93,-0.0099999999999999,0.0158412739860914,-0.0358412739860912,TRUE,180920,12664
"Norway","NOR","Europe","HIC",2020,"ARIMA(0,1,0)",0.97,0.945782409439516,0.99,0.97,0,0.0242175905604838,-0.02,TRUE,53510,1605
"Norway","NOR","Europe","HIC",2021,"ARIMA(0,1,0)",0.97,0.935751154981365,0.99,0.97,0,0.0342488450186348,-0.02,TRUE,53777,1613
"Norway","NOR","Europe","HIC",2022,"ARIMA(0,1,0)",0.97,0.928053902712342,0.99,0.97,0,0.0419460972876583,-0.02,TRUE,53902,1617
"Nepal","NPL","Asia","LMIC",2020,"ARIMA(0,1,1) with drift",0.947509292037551,0.866944471169995,0.99,0.84,-0.107509292037551,-0.0269444711699953,-0.15,FALSE,589850,94376
"Nepal","NPL","Asia","LMIC",2021,"ARIMA(0,1,1) with drift",0.95813890999098,0.875482857928326,0.99,0.91,-0.0481389099909796,0.0345171420716744,-0.08,TRUE,597369,53763
"Nepal","NPL","Asia","LMIC",2022,"ARIMA(0,1,1) with drift",0.968768527944408,0.884072863806585,0.99,0.9,-0.0687685279444081,0.0159271361934153,-0.09,TRUE,605385,60538
"Nauru","NRU","Oceania","HIC",2020,"ARIMA(0,1,0)",0.96,0.663642245408498,0.99,0.95,-0.01,0.286357754591502,-0.04,TRUE,345,17
"Nauru","NRU","Oceania","HIC",2021,"ARIMA(0,1,0)",0.96,0.540886844142261,0.99,0.98,0.02,0.439113155857739,-0.01,TRUE,341,7
"Nauru","NRU","Oceania","HIC",2022,"ARIMA(0,1,0)",0.96,0.44669331183049,0.99,0.98,0.02,0.53330668816951,-0.01,TRUE,336,7
"New Zealand","NZL","Oceania","HIC",2020,"ARIMA(0,1,0)",0.92,0.895368518175422,0.944631481824578,0.92,0,0.0246314818245776,-0.0246314818245776,TRUE,62927,5034
"New Zealand","NZL","Oceania","HIC",2021,"ARIMA(0,1,0)",0.92,0.885165824342336,0.954834175657664,0.9,-0.02,0.0148341756576641,-0.0548341756576641,TRUE,63341,6334
"New Zealand","NZL","Oceania","HIC",2022,"ARIMA(0,1,0)",0.92,0.877337022014122,0.962662977985878,0.89,-0.03,0.0126629779858779,-0.072662977985878,TRUE,63911,7030
"Oman","OMN","Asia","HIC",2020,"ARIMA(0,0,0) with non-zero mean",0.987999999999984,0.979956477523965,0.99,0.99,0.00200000000001643,0.010043522476035,0,TRUE,86203,862
"Oman","OMN","Asia","HIC",2021,"ARIMA(0,0,0) with non-zero mean",0.987999999999984,0.979956477523965,0.99,0.99,0.00200000000001643,0.010043522476035,0,TRUE,82817,828
"Oman","OMN","Asia","HIC",2022,"ARIMA(0,0,0) with non-zero mean",0.987999999999984,0.979956477523965,0.99,0.99,0.00200000000001643,0.010043522476035,0,TRUE,80439,804
"Pakistan","PAK","Asia","LMIC",2020,"ARIMA(0,1,0)",0.84,0.763824577328513,0.916175422671486,0.8,-0.0399999999999999,0.0361754226714865,-0.116175422671486,TRUE,6087559,1217512
"Pakistan","PAK","Asia","LMIC",2021,"ARIMA(0,1,0)",0.84,0.732271684138481,0.947728315861519,0.83,-0.01,0.0977283158615192,-0.117728315861519,TRUE,6105641,1037959
"Pakistan","PAK","Asia","LMIC",2022,"ARIMA(0,1,0)",0.84,0.708060297644951,0.971939702355049,0.85,0.01,0.141939702355049,-0.121939702355049,TRUE,6155881,923382
"Panama","PAN","Americas","HIC",2020,"ARIMA(0,1,0)",0.88,0.779656291046609,0.980343708953391,0.74,-0.14,-0.0396562910466094,-0.240343708953391,FALSE,75991,19758
"Panama","PAN","Americas","HIC",2021,"ARIMA(0,1,0)",0.88,0.738092565899296,0.99,0.87,-0.01,0.131907434100704,-0.12,TRUE,76053,9887
"Panama","PAN","Americas","HIC",2022,"ARIMA(0,1,0)",0.88,0.706199597872823,0.99,0.87,-0.01,0.163800402127177,-0.12,TRUE,75783,9852
"Peru","PER","Americas","UMIC",2020,"ARIMA(0,0,0) with non-zero mean",0.905999999999911,0.818486253672806,0.99,0.72,-0.185999999999911,-0.0984862536728062,-0.27,FALSE,587870,164604
"Peru","PER","Americas","UMIC",2021,"ARIMA(0,0,0) with non-zero mean",0.905999999999911,0.818486253672806,0.99,0.82,-0.0859999999999114,0.00151374632719381,-0.17,TRUE,588365,105906
"Peru","PER","Americas","UMIC",2022,"ARIMA(0,0,0) with non-zero mean",0.905999999999911,0.818486253672806,0.99,0.82,-0.0859999999999114,0.00151374632719381,-0.17,TRUE,587155,105688
"Philippines","PHL","Asia","LMIC",2020,"ARIMA(1,0,0) with non-zero mean",0.728017504242699,0.652454980309761,0.803580028175636,0.71,-0.0180175042426985,0.0575450196902385,-0.0935800281756356,TRUE,2424248,703032
"Philippines","PHL","Asia","LMIC",2021,"ARIMA(1,0,0) with non-zero mean",0.742605151373517,0.645381318493153,0.83982898425388,0.57,-0.172605151373517,-0.0753813184931534,-0.26982898425388,FALSE,2437200,1047996
"Philippines","PHL","Asia","LMIC",2022,"ARIMA(1,0,0) with non-zero mean",0.754415857559392,0.645301636144175,0.863530078974608,0.72,-0.0344158575593919,0.0746983638558245,-0.143530078974608,TRUE,2450775,686217
"Palau","PLW","Oceania","UMIC",2020,"ARIMA(1,0,0) with non-zero mean",0.945618704250238,0.734054554446713,0.99,0.96,0.014381295749762,0.225945445553287,-0.03,TRUE,273,11
"Palau","PLW","Oceania","UMIC",2021,"ARIMA(1,0,0) with non-zero mean",0.933455255248718,0.69702479902011,0.99,0.95,0.0165447447512824,0.25297520097989,-0.04,TRUE,269,13
"Palau","PLW","Oceania","UMIC",2022,"ARIMA(1,0,0) with non-zero mean",0.927387099842579,0.685164186097768,0.99,0.94,0.0126129001574212,0.254835813902232,-0.05,TRUE,267,16
"Papua New Guinea","PNG","Oceania","LMIC",2020,"ARIMA(0,1,0)",0.35,0.230694986608318,0.469305013391682,0.39,0.04,0.159305013391682,-0.0793050133916816,TRUE,245774,149922
"Papua New Guinea","PNG","Oceania","LMIC",2021,"ARIMA(0,1,0)",0.35,0.18127723200238,0.51872276799762,0.31,-0.04,0.12872276799762,-0.20872276799762,TRUE,246340,169975
"Papua New Guinea","PNG","Oceania","LMIC",2022,"ARIMA(0,1,0)",0.35,0.143357655207922,0.556642344792078,0.36,0.01,0.216642344792078,-0.196642344792078,TRUE,247322,158286
"Poland","POL","Europe","HIC",2020,"ARIMA(0,2,1)",0.944692963064354,0.932725097203965,0.956660828924744,0.9,-0.0446929630643543,-0.0327250972039645,-0.0566608289247441,FALSE,371829,37183
"Poland","POL","Europe","HIC",2021,"ARIMA(0,2,1)",0.939385926128709,0.920161391140699,0.958610461116719,0.9,-0.0393859261287086,-0.0201613911406987,-0.0586104611167185,FALSE,362344,36234
"Poland","POL","Europe","HIC",2022,"ARIMA(0,2,1)",0.934078889193063,0.907659273234283,0.960498505151843,0.9,-0.0340788891930629,-0.00765927323428295,-0.0604985051518429,FALSE,352814,35281
"Portugal","PRT","Europe","HIC",2020,"ARIMA(0,1,0)",0.99,0.959170761705831,0.99,0.99,0,0.0308292382941691,0,TRUE,82767,828
"Portugal","PRT","Europe","HIC",2021,"ARIMA(0,1,0)",0.99,0.946400873086754,0.99,0.99,0,0.0435991269132459,0,TRUE,80296,803
"Portugal","PRT","Europe","HIC",2022,"ARIMA(0,1,0)",0.99,0.936602192915851,0.99,0.99,0,0.0533978070841489,0,TRUE,79868,799
"Paraguay","PRY","Americas","UMIC",2020,"ARIMA(0,0,1) with non-zero mean",0.880554932716614,0.829888992973964,0.931220872459264,0.79,-0.0905549327166137,-0.039888992973964,-0.141220872459264,FALSE,136776,28723
"Paraguay","PRY","Americas","UMIC",2021,"ARIMA(0,0,1) with non-zero mean",0.903152348686431,0.839851081743217,0.966453615629644,0.7,-0.203152348686431,-0.139851081743217,-0.266453615629644,FALSE,136478,40943
"Paraguay","PRY","Americas","UMIC",2022,"ARIMA(0,0,1) with non-zero mean",0.903152348686431,0.839851081743217,0.966453615629644,0.69,-0.213152348686431,-0.149851081743217,-0.276453615629644,FALSE,135965,42149
"State of Palestine","PSE","Asia","UMIC",2020,"ARIMA(0,1,0)",0.99,0.957572827880185,0.99,0.98,-0.01,0.0224271721198149,-0.01,TRUE,142870,2857
"State of Palestine","PSE","Asia","UMIC",2021,"ARIMA(0,1,0)",0.99,0.944141053398751,0.99,0.95,-0.04,0.00585894660124897,-0.04,TRUE,143284,7164
"State of Palestine","PSE","Asia","UMIC",2022,"ARIMA(0,1,0)",0.99,0.933834490342699,0.99,0.98,-0.01,0.0461655096573005,-0.01,TRUE,143596,2872
"Qatar","QAT","Asia","HIC",2020,"ARIMA(0,0,0) with non-zero mean",0.949,0.862532133382799,0.99,0.89,-0.0589999999999996,0.0274678666172006,-0.1,TRUE,30837,3392
"Qatar","QAT","Asia","HIC",2021,"ARIMA(0,0,0) with non-zero mean",0.949,0.862532133382799,0.99,0.98,0.0310000000000004,0.117467866617201,-0.01,TRUE,26425,528
"Qatar","QAT","Asia","HIC",2022,"ARIMA(0,0,0) with non-zero mean",0.949,0.862532133382799,0.99,0.98,0.0310000000000004,0.117467866617201,-0.01,TRUE,24392,488
"Romania","ROU","Europe","HIC",2020,"ARIMA(0,1,0)",0.88,0.82814231654896,0.93185768345104,0.87,-0.01,0.0418576834510399,-0.0618576834510399,TRUE,198135,25758
"Romania","ROU","Europe","HIC",2021,"ARIMA(0,1,0)",0.88,0.806662160750289,0.953337839249711,0.86,-0.02,0.0533378392497115,-0.0933378392497115,TRUE,194454,27224
"Romania","ROU","Europe","HIC",2022,"ARIMA(0,1,0)",0.88,0.790179857499975,0.969820142500025,0.85,-0.03,0.059820142500025,-0.119820142500025,TRUE,190867,28630
"Russian Federation","RUS","Europe","UMIC",2020,"ARIMA(1,0,0) with non-zero mean",0.969988955661012,0.960255646998598,0.979722264323427,0.97,1.10443389876869e-05,0.00974435300140208,-0.00972226432342671,TRUE,1432696,42981
"Russian Federation","RUS","Europe","UMIC",2021,"ARIMA(1,0,0) with non-zero mean",0.969981496247773,0.958236117381565,0.981726875113981,0.97,1.8503752227339e-05,0.0117638826184353,-0.0117268751139806,TRUE,1392819,41785
"Russian Federation","RUS","Europe","UMIC",2022,"ARIMA(1,0,0) with non-zero mean",0.96997645811503,0.957419858381829,0.982533057848231,0.97,2.35418849704461e-05,0.0125801416181714,-0.0125330578482306,TRUE,1371074,41132
"Rwanda","RWA","Africa","LIC",2020,"ARIMA(0,1,1)",0.977454399631654,0.889916687219957,0.99,0.91,-0.0674543996316536,0.0200833127800435,-0.08,TRUE,388064,34926
"Rwanda","RWA","Africa","LIC",2021,"ARIMA(0,1,1)",0.977454399631654,0.879884837011579,0.99,0.88,-0.0974543996316536,0.000115162988421069,-0.11,TRUE,393445,47213
"Rwanda","RWA","Africa","LIC",2022,"ARIMA(0,1,1)",0.977454399631654,0.870792372623574,0.99,0.98,0.00254560036834639,0.109207627376426,-0.01,TRUE,396133,7923
"Saudi Arabia","SAU","Asia","HIC",2020,"ARIMA(0,1,0)",0.96,0.941455676271626,0.978544323728374,0.95,-0.01,0.0085443237283741,-0.0285443237283741,TRUE,662503,33125
"Saudi Arabia","SAU","Asia","HIC",2021,"ARIMA(0,1,0)",0.96,0.933774365878296,0.986225634121704,0.97,0.01,0.0362256341217039,-0.0162256341217039,TRUE,626222,18787
"Saudi Arabia","SAU","Asia","HIC",2022,"ARIMA(0,1,0)",0.96,0.927880289110451,0.99,0.98,0.02,0.052119710889549,-0.01,TRUE,612763,12255
"Sudan","SDN","Africa","LIC",2020,"ARIMA(0,1,0) with drift",0.946315789473643,0.867587899669616,0.99,0.9,-0.0463157894736433,0.0324121003303844,-0.09,TRUE,1470023,147002
"Sudan","SDN","Africa","LIC",2021,"ARIMA(0,1,0) with drift",0.962631578947287,0.851293529449416,0.99,0.84,-0.122631578947287,-0.0112935294494163,-0.15,FALSE,1483986,237438
"Sudan","SDN","Africa","LIC",2022,"ARIMA(0,1,0) with drift",0.97894736842093,0.84258666330767,0.99,0.84,-0.13894736842093,-0.00258666330767032,-0.15,FALSE,1499138,239862
"Senegal","SEN","Africa","LMIC",2020,"ARIMA(0,1,0) with drift",0.972631578947358,0.870821696284434,0.99,0.91,-0.0626315789473577,0.0391783037155663,-0.08,TRUE,531119,47801
"Senegal","SEN","Africa","LMIC",2021,"ARIMA(0,1,0) with drift",0.99,0.851282241049195,0.99,0.85,-0.14,-0.00128224104919505,-0.14,FALSE,538096,80714
"Senegal","SEN","Africa","LMIC",2022,"ARIMA(0,1,0) with drift",0.99,0.841554847357263,0.99,0.88,-0.11,0.0384451526427366,-0.11,TRUE,545212,65425
"Singapore","SGP","Asia","HIC",2020,"ARIMA(0,0,0) with non-zero mean",0.963,0.944902074428958,0.981097925571042,0.98,0.0169999999999998,0.0350979255710417,-0.00109792557104216,TRUE,41317,826
"Singapore","SGP","Asia","HIC",2021,"ARIMA(0,0,0) with non-zero mean",0.963,0.944902074428958,0.981097925571042,0.98,0.0169999999999998,0.0350979255710417,-0.00109792557104216,TRUE,42161,843
"Singapore","SGP","Asia","HIC",2022,"ARIMA(0,0,0) with non-zero mean",0.963,0.944902074428958,0.981097925571042,0.97,0.00699999999999978,0.0250979255710417,-0.0110979255710422,TRUE,42273,1268
"Solomon Islands","SLB","Oceania","LMIC",2020,"ARIMA(0,0,0) with non-zero mean",0.869,0.763184870873266,0.974815129126734,0.94,0.071,0.176815129126734,-0.0348151291267341,TRUE,20590,1235
"Solomon Islands","SLB","Oceania","LMIC",2021,"ARIMA(0,0,0) with non-zero mean",0.869,0.763184870873266,0.974815129126734,0.87,0.001,0.106815129126734,-0.104815129126734,TRUE,20794,2703
"Solomon Islands","SLB","Oceania","LMIC",2022,"ARIMA(0,0,0) with non-zero mean",0.869,0.763184870873266,0.974815129126734,0.89,0.021,0.126815129126734,-0.0848151291267341,TRUE,20960,2306
"Sierra Leone","SLE","Africa","LIC",2020,"ARIMA(0,1,0)",0.95,0.800530421438358,0.99,0.91,-0.0399999999999999,0.109469578561642,-0.08,TRUE,248795,22392
"Sierra Leone","SLE","Africa","LIC",2021,"ARIMA(0,1,0)",0.95,0.738618094835935,0.99,0.92,-0.0299999999999999,0.181381905164065,-0.07,TRUE,250337,20027
"Sierra Leone","SLE","Africa","LIC",2022,"ARIMA(0,1,0)",0.95,0.691111095745328,0.99,0.91,-0.0399999999999999,0.218888904254672,-0.08,TRUE,251464,22632
"El Salvador","SLV","Americas","UMIC",2020,"ARIMA(0,0,0) with non-zero mean",0.9245,0.839073067191295,0.99,0.76,-0.1645,-0.0790730671912955,-0.23,FALSE,101091,24262
"El Salvador","SLV","Americas","UMIC",2021,"ARIMA(0,0,0) with non-zero mean",0.9245,0.839073067191295,0.99,0.78,-0.1445,-0.0590730671912955,-0.21,FALSE,100463,22102
"El Salvador","SLV","Americas","UMIC",2022,"ARIMA(0,0,0) with non-zero mean",0.9245,0.839073067191295,0.99,0.75,-0.1745,-0.0890730671912955,-0.24,FALSE,99449,24862
"San Marino","SMR","Europe","HIC",2020,"ARIMA(0,1,0)",0.88,0.844592051129079,0.915407948870921,0.89,0.01,0.0454079488709207,-0.0254079488709207,TRUE,208,23
"San Marino","SMR","Europe","HIC",2021,"ARIMA(0,1,0)",0.88,0.829925598490931,0.930074401509069,0.9,0.02,0.0700744015090692,-0.0300744015090691,TRUE,202,20
"San Marino","SMR","Europe","HIC",2022,"ARIMA(0,1,0)",0.88,0.818671633563764,0.941328366436236,0.92,0.04,0.101328366436236,-0.0213283664362357,TRUE,200,16
"Serbia","SRB","Europe","UMIC",2020,"ARIMA(0,0,0) with non-zero mean",0.936500000000051,0.886723088290426,0.986276911709675,0.92,-0.0165000000000505,0.0332769117095736,-0.0662769117096745,TRUE,68298,5464
"Serbia","SRB","Europe","UMIC",2021,"ARIMA(0,0,0) with non-zero mean",0.936500000000051,0.886723088290426,0.986276911709675,0.91,-0.0265000000000505,0.0232769117095736,-0.0762769117096745,TRUE,67352,6062
"Serbia","SRB","Europe","UMIC",2022,"ARIMA(0,0,0) with non-zero mean",0.936500000000051,0.886723088290426,0.986276911709675,0.92,-0.0165000000000505,0.0332769117095736,-0.0662769117096745,TRUE,66304,5304
"Sao Tome and Principe","STP","Africa","LMIC",2020,"ARIMA(1,0,0) with non-zero mean",0.946890938111494,0.894777350650979,0.99,0.96,0.0131090618885059,0.0652226493490212,-0.03,TRUE,6149,246
"Sao Tome and Principe","STP","Africa","LMIC",2021,"ARIMA(1,0,0) with non-zero mean",0.944124579527297,0.874368336761876,0.99,0.97,0.025875420472703,0.0956316632381241,-0.02,TRUE,6251,188
"Sao Tome and Principe","STP","Africa","LMIC",2022,"ARIMA(1,0,0) with non-zero mean",0.941663149008769,0.860618939407361,0.99,0.97,0.028336850991231,0.109381060592639,-0.02,TRUE,6300,189
"Suriname","SUR","Americas","UMIC",2020,"ARIMA(1,0,0) with non-zero mean",0.773675699474721,0.658511312742473,0.888840086206968,0.51,-0.263675699474721,-0.148511312742473,-0.378840086206968,FALSE,10946,5364
"Suriname","SUR","Americas","UMIC",2021,"ARIMA(1,0,0) with non-zero mean",0.775757331251169,0.643407377803738,0.9081072846986,0.72,-0.0557573312511688,0.0765926221962622,-0.1881072846986,TRUE,10983,3075
"Suriname","SUR","Americas","UMIC",2022,"ARIMA(1,0,0) with non-zero mean",0.776936206423777,0.639528949822851,0.914343463024703,0.77,-0.00693620642377712,0.130471050177149,-0.144343463024703,TRUE,10965,2522
"Slovakia","SVK","Europe","HIC",2020,"ARIMA(1,1,0)",0.976196713136292,0.968629608669292,0.983763817603292,0.97,-0.00619671313629166,0.00137039133070826,-0.0137638176032916,TRUE,55496,1665
"Slovakia","SVK","Europe","HIC",2021,"ARIMA(1,1,0)",0.980036638505641,0.965632609606654,0.99,0.97,-0.0100366385056407,0.00436739039334566,-0.02,TRUE,54129,1624
"Slovakia","SVK","Europe","HIC",2022,"ARIMA(1,1,0)",0.982416130103503,0.961502969623636,0.99,0.97,-0.0124161301035032,0.00849703037636429,-0.02,TRUE,53142,1594
"Slovenia","SVN","Europe","HIC",2020,"ARIMA(1,0,0) with non-zero mean",0.948703815779011,0.928183821173297,0.969223810384725,0.95,0.00129618422098932,0.0218161788267033,-0.0192238103847246,TRUE,19093,955
"Slovenia","SVN","Europe","HIC",2021,"ARIMA(1,0,0) with non-zero mean",0.947609215311324,0.920751176643517,0.974467253979131,0.86,-0.0876092153113237,-0.0607511766435166,-0.114467253979131,FALSE,19115,2676
"Slovenia","SVN","Europe","HIC",2022,"ARIMA(1,0,0) with non-zero mean",0.946684848107605,0.916098898762135,0.977270797453075,0.89,-0.0566848481076049,-0.0260988987621349,-0.0872707974530749,FALSE,18813,2069
"Sweden","SWE","Europe","HIC",2020,"ARIMA(0,1,0)",0.98,0.96993574741873,0.99,0.97,-0.01,6.42525812695194e-05,-0.02,TRUE,112137,3364
"Sweden","SWE","Europe","HIC",2021,"ARIMA(0,1,0)",0.98,0.96576699750442,0.99,0.98,0,0.0142330024955798,-0.01,TRUE,113135,2263
"Sweden","SWE","Europe","HIC",2022,"ARIMA(0,1,0)",0.98,0.962568203189035,0.99,0.94,-0.04,-0.022568203189035,-0.05,FALSE,113902,6834
"Eswatini","SWZ","Africa","LMIC",2020,"ARIMA(0,1,0)",0.9,0.855485657560597,0.944514342439403,0.83,-0.0700000000000001,-0.0254856575605974,-0.114514342439403,FALSE,28232,4799
"Eswatini","SWZ","Africa","LMIC",2021,"ARIMA(0,1,0)",0.9,0.837047213202077,0.962952786797924,0.77,-0.13,-0.0670472132020765,-0.192952786797923,FALSE,27914,6420
"Eswatini","SWZ","Africa","LMIC",2022,"ARIMA(0,1,0)",0.9,0.822898897229435,0.977101102770565,0.97,0.07,0.147101102770565,-0.00710110277056497,TRUE,27540,826
"Seychelles","SYC","Africa","HIC",2020,"ARIMA(0,0,1) with non-zero mean",0.984602706939938,0.965739864526817,0.99,0.97,-0.0146027069399384,0.00426013547318316,-0.02,TRUE,1651,50
"Seychelles","SYC","Africa","HIC",2021,"ARIMA(0,0,1) with non-zero mean",0.983755023653496,0.962788592755925,0.99,0.94,-0.0437550236534965,-0.0227885927559246,-0.05,FALSE,1625,98
"Seychelles","SYC","Africa","HIC",2022,"ARIMA(0,0,1) with non-zero mean",0.983755023653496,0.962788592755925,0.99,0.97,-0.0137550236534965,0.00721140724407543,-0.02,TRUE,1595,48
"Syrian Arab Republic","SYR","Asia","LIC",2020,"ARIMA(0,1,0)",0.54,0.40361491784878,0.67638508215122,0.49,-0.05,0.0863850821512201,-0.18638508215122,TRUE,399455,203722
"Syrian Arab Republic","SYR","Asia","LIC",2021,"ARIMA(0,1,0)",0.54,0.347122367116376,0.732877632883624,0.48,-0.0600000000000001,0.132877632883624,-0.252877632883624,TRUE,419954,218376
"Syrian Arab Republic","SYR","Asia","LIC",2022,"ARIMA(0,1,0)",0.54,0.303774108319632,0.776225891680368,0.46,-0.08,0.156225891680368,-0.316225891680368,TRUE,440207,237712
"Chad","TCD","Africa","LIC",2020,"ARIMA(0,1,0)",0.5,0.357738092932517,0.642261907067484,0.52,0.02,0.162261907067484,-0.122261907067484,TRUE,691134,331744
"Chad","TCD","Africa","LIC",2021,"ARIMA(0,1,0)",0.5,0.298811281616104,0.701188718383896,0.58,0.08,0.281188718383896,-0.121188718383896,TRUE,706141,296579
"Chad","TCD","Africa","LIC",2022,"ARIMA(0,1,0)",0.5,0.253595148977477,0.746404851022523,0.6,0.1,0.346404851022523,-0.146404851022523,TRUE,727088,290835
"Togo","TGO","Africa","LIC",2020,"ARIMA(0,1,0)",0.84,0.726781519387324,0.953218480612676,0.82,-0.02,0.0932184806126761,-0.133218480612676,TRUE,262499,47250
"Togo","TGO","Africa","LIC",2021,"ARIMA(0,1,0)",0.84,0.679884889206278,0.99,0.83,-0.01,0.150115110793722,-0.16,TRUE,265319,45104
"Togo","TGO","Africa","LIC",2022,"ARIMA(0,1,0)",0.84,0.643899839223093,0.99,0.82,-0.02,0.176100160776907,-0.17,TRUE,268452,48321
"Thailand","THA","Asia","UMIC",2020,"ARIMA(1,0,0) with non-zero mean",0.972161830630472,0.958181191887412,0.986142469373531,0.97,-0.00216183063047171,0.0118188081125876,-0.016142469373531,TRUE,651913,19557
"Thailand","THA","Asia","UMIC",2021,"ARIMA(1,0,0) with non-zero mean",0.973792505677352,0.956280547006061,0.99,0.97,-0.00379250567735212,0.0137194529939391,-0.02,TRUE,640380,19211
"Thailand","THA","Asia","UMIC",2022,"ARIMA(1,0,0) with non-zero mean",0.975022528543638,0.955788589473143,0.99,0.97,-0.00502252854363849,0.0142114105268565,-0.02,TRUE,627364,18821
"Tajikistan","TJK","Asia","LMIC",2020,"ARIMA(0,1,0)",0.97,0.927817761282953,0.99,0.97,0,0.042182238717047,-0.02,TRUE,256324,7690
"Tajikistan","TJK","Asia","LMIC",2021,"ARIMA(0,1,0)",0.97,0.910345305915093,0.99,0.97,0,0.0596546940849073,-0.02,TRUE,254611,7638
"Tajikistan","TJK","Asia","LMIC",2022,"ARIMA(0,1,0)",0.97,0.896938219365076,0.99,0.97,0,0.0730617806349243,-0.02,TRUE,253849,7615
"Turkmenistan","TKM","Asia","UMIC",2020,"ARIMA(0,0,0) with non-zero mean",0.968500000000069,0.900523014209224,0.99,0.98,0.0114999999999315,0.0794769857907758,-0.01,TRUE,135140,2703
"Turkmenistan","TKM","Asia","UMIC",2021,"ARIMA(0,0,0) with non-zero mean",0.968500000000069,0.900523014209224,0.99,0.97,0.00149999999993145,0.0694769857907758,-0.02,TRUE,132864,3986
"Turkmenistan","TKM","Asia","UMIC",2022,"ARIMA(0,0,0) with non-zero mean",0.968500000000069,0.900523014209224,0.99,0.98,0.0114999999999315,0.0794769857907758,-0.01,TRUE,129706,2594
"Tonga","TON","Oceania","UMIC",2020,"ARIMA(1,0,0) with non-zero mean",0.980907687541105,0.936147259240584,0.99,0.99,0.00909231245889475,0.0538527407594157,0,TRUE,2425,24
"Tonga","TON","Oceania","UMIC",2021,"ARIMA(1,0,0) with non-zero mean",0.977211414464727,0.928893689358556,0.99,0.99,0.0127885855352726,0.0611063106414437,0,TRUE,2434,24
"Tonga","TON","Oceania","UMIC",2022,"ARIMA(1,0,0) with non-zero mean",0.975708778615275,0.926828079905179,0.99,0.99,0.0142912213847248,0.0631719200948209,0,TRUE,2436,24
"Trinidad and Tobago","TTO","Americas","HIC",2020,"ARIMA(0,0,0) with non-zero mean",0.923499999999941,0.865820666432672,0.981179333567211,0.96,0.0365000000000586,0.0941793335673278,-0.0211793335672106,TRUE,17880,715
"Trinidad and Tobago","TTO","Americas","HIC",2021,"ARIMA(0,0,0) with non-zero mean",0.923499999999941,0.865820666432672,0.981179333567211,0.94,0.0165000000000586,0.0741793335673278,-0.0411793335672106,TRUE,17585,1055
"Trinidad and Tobago","TTO","Americas","HIC",2022,"ARIMA(0,0,0) with non-zero mean",0.923499999999941,0.865820666432672,0.981179333567211,0.93,0.00650000000005868,0.0641793335673279,-0.0511793335672105,TRUE,17199,1204
"Tunisia","TUN","Africa","LMIC",2020,"ARIMA(1,0,0) with non-zero mean",0.978279269729483,0.960874883138534,0.99,0.97,-0.00827926972948301,0.009125116861466,-0.02,TRUE,199762,5993
"Tunisia","TUN","Africa","LMIC",2021,"ARIMA(1,0,0) with non-zero mean",0.977497382300505,0.958380481331404,0.99,0.97,-0.00749738230050545,0.0116195186685959,-0.02,TRUE,194998,5850
"Tunisia","TUN","Africa","LMIC",2022,"ARIMA(1,0,0) with non-zero mean",0.97714209828995,0.957690379111797,0.99,0.97,-0.00714209828995005,0.012309620888203,-0.02,TRUE,190468,5714
"Turkiye","TUR","Asia","UMIC",2020,"ARIMA(0,1,0)",0.99,0.882084144981468,0.99,0.98,-0.01,0.0979158550185315,-0.01,TRUE,1256368,25127
"Turkiye","TUR","Asia","UMIC",2021,"ARIMA(0,1,0)",0.99,0.837383934237704,0.99,0.95,-0.04,0.112616065762296,-0.04,TRUE,1236527,61826
"Turkiye","TUR","Asia","UMIC",2022,"ARIMA(0,1,0)",0.99,0.803084256165667,0.99,0.99,0,0.186915743834333,0,TRUE,1228626,12286
"Tuvalu","TUV","Oceania","UMIC",2020,"ARIMA(0,0,0) with non-zero mean",0.934499999999912,0.847897789333571,0.99,0.95,0.015500000000088,0.102102210666429,-0.04,TRUE,258,13
"Tuvalu","TUV","Oceania","UMIC",2021,"ARIMA(0,0,0) with non-zero mean",0.934499999999912,0.847897789333571,0.99,0.94,0.00550000000008799,0.0921022106664289,-0.05,TRUE,259,16
"Tuvalu","TUV","Oceania","UMIC",2022,"ARIMA(0,0,0) with non-zero mean",0.934499999999912,0.847897789333571,0.99,0.91,-0.0244999999999119,0.062102210666429,-0.08,TRUE,261,23
"United Republic of Tanzania","TZA","Africa","LMIC",2020,"ARIMA(1,0,0) with non-zero mean",0.88996367593717,0.81590078998559,0.964026561888749,0.86,-0.0299636759371698,0.0440992100144096,-0.104026561888749,TRUE,2194167,307183
"United Republic of Tanzania","TZA","Africa","LMIC",2021,"ARIMA(1,0,0) with non-zero mean",0.889941204946944,0.802852022393746,0.977030387500142,0.81,-0.0799412049469438,0.00714797760625419,-0.167030387500142,TRUE,2235407,424727
"United Republic of Tanzania","TZA","Africa","LMIC",2022,"ARIMA(1,0,0) with non-zero mean",0.889927303820187,0.798341880091854,0.98151272754852,0.88,-0.00992730382018692,0.081658119908146,-0.10151272754852,TRUE,2282224,273867
"Uganda","UGA","Africa","LIC",2020,"ARIMA(1,1,0) with drift",0.961843376492923,0.913672232849882,0.99,0.89,-0.0718433764929233,-0.023672232849882,-0.1,FALSE,1608556,176941
"Uganda","UGA","Africa","LIC",2021,"ARIMA(1,1,0) with drift",0.979026513766311,0.924289521031032,0.99,0.91,-0.0690265137663105,-0.0142895210310315,-0.08,FALSE,1642190,147797
"Uganda","UGA","Africa","LIC",2022,"ARIMA(1,1,0) with drift",0.99,0.937332311665335,0.99,0.89,-0.1,-0.0473323116653352,-0.1,FALSE,1668269,183510
"Uruguay","URY","Americas","HIC",2020,"ARIMA(0,0,1) with non-zero mean",0.949399001685293,0.921454111554971,0.977343891815614,0.92,-0.0293990016852925,-0.00145411155497122,-0.0573438918156138,FALSE,35313,2825
"Uruguay","URY","Americas","HIC",2021,"ARIMA(0,0,1) with non-zero mean",0.939651629824556,0.90303069064811,0.976272569001001,0.91,-0.0296516298245558,0.00696930935188977,-0.0662725690010014,TRUE,35747,3217
"Uruguay","URY","Americas","HIC",2022,"ARIMA(0,0,1) with non-zero mean",0.939651629824556,0.90303069064811,0.976272569001001,0.94,0.00034837017544409,0.0369693093518897,-0.0362725690010015,TRUE,35490,2129
"United States","USA","Americas","HIC",2020,"ARIMA(1,0,0) with non-zero mean",0.943460432663896,0.928866873009609,0.958053992318184,0.93,-0.0134604326638962,0.00113312699039114,-0.0280539923181835,TRUE,3653213,255725
"United States","USA","Americas","HIC",2021,"ARIMA(1,0,0) with non-zero mean",0.94548306305385,0.928579444373976,0.962386681733723,0.94,-0.00548306305384982,0.0114205556260237,-0.0223866817337234,TRUE,3705532,222332
"United States","USA","Americas","HIC",2022,"ARIMA(1,0,0) with non-zero mean",0.94666529489932,0.929041720633789,0.964288869164851,0.94,-0.00666529489932022,0.0109582793662106,-0.0242888691648511,TRUE,3710714,222643
"Uzbekistan","UZB","Asia","LMIC",2020,"ARIMA(0,0,1) with non-zero mean",0.968232861034553,0.95094696552461,0.985518756544497,0.95,-0.0182328610345532,-0.000946965524609822,-0.0355187565444967,FALSE,822981,41149
"Uzbekistan","UZB","Asia","LMIC",2021,"ARIMA(0,0,1) with non-zero mean",0.983028616344258,0.961110627021232,0.99,0.98,-0.00302861634425833,0.0188893729787679,-0.01,TRUE,794642,15893
"Uzbekistan","UZB","Asia","LMIC",2022,"ARIMA(0,0,1) with non-zero mean",0.983028616344258,0.961110627021232,0.99,0.99,0.00697138365574168,0.0288893729787679,0,TRUE,768382,7684
"Saint Vincent and the Grenadines","VCT","Americas","UMIC",2020,"ARIMA(0,0,1) with non-zero mean",0.981852094462693,0.965092969084166,0.99,0.97,-0.0118520944626934,0.00490703091583389,-0.02,TRUE,1355,41
"Saint Vincent and the Grenadines","VCT","Americas","UMIC",2021,"ARIMA(0,0,1) with non-zero mean",0.982758231752378,0.961989034984119,0.99,0.92,-0.0627582317523777,-0.0419890349841188,-0.07,FALSE,1334,107
"Saint Vincent and the Grenadines","VCT","Americas","UMIC",2022,"ARIMA(0,0,1) with non-zero mean",0.982758231752378,0.961989034984119,0.99,0.92,-0.0627582317523777,-0.0419890349841188,-0.07,FALSE,1310,105
"Venezuela (Bolivarian Republic of)","VEN","Americas","",2020,"ARIMA(0,0,1) with non-zero mean",0.713930774001799,0.523443493777231,0.904418054226368,0.54,-0.173930774001799,0.0165565062227693,-0.364418054226368,TRUE,459591,211412
"Venezuela (Bolivarian Republic of)","VEN","Americas","",2021,"ARIMA(0,0,1) with non-zero mean",0.738593674299931,0.531208719575949,0.945978629023912,0.56,-0.17859367429993,0.0287912804240509,-0.385978629023912,TRUE,445578,196054
"Venezuela (Bolivarian Republic of)","VEN","Americas","",2022,"ARIMA(0,0,1) with non-zero mean",0.738593674299931,0.531208719575949,0.945978629023912,0.56,-0.17859367429993,0.0287912804240509,-0.385978629023912,TRUE,432686,190382
"Viet Nam","VNM","Asia","LMIC",2020,"ARIMA(0,0,0) with non-zero mean",0.911,0.716255789142756,0.99,0.94,0.029,0.223744210857244,-0.05,TRUE,1466021,87961
"Viet Nam","VNM","Asia","LMIC",2021,"ARIMA(0,0,0) with non-zero mean",0.911,0.716255789142756,0.99,0.83,-0.081,0.113744210857244,-0.16,TRUE,1440888,244951
"Viet Nam","VNM","Asia","LMIC",2022,"ARIMA(0,0,0) with non-zero mean",0.911,0.716255789142756,0.99,0.91,-0.00099999999999989,0.193744210857244,-0.08,TRUE,1423035,128073
"Vanuatu","VUT","Oceania","LMIC",2020,"ARIMA(0,1,0) with drift",0.909999999999988,0.862887219209768,0.957112780790208,0.78,-0.129999999999988,-0.0828872192097678,-0.177112780790208,FALSE,9162,2016
"Vanuatu","VUT","Oceania","LMIC",2021,"ARIMA(0,1,0) with drift",0.919999999999976,0.853372466445336,0.986627533554616,0.62,-0.299999999999976,-0.233372466445336,-0.366627533554616,FALSE,9228,3507
"Vanuatu","VUT","Oceania","LMIC",2022,"ARIMA(0,1,0) with drift",0.929999999999964,0.848398269985447,0.99,0.68,-0.249999999999963,-0.168398269985447,-0.31,FALSE,9308,2979
"Samoa","WSM","Oceania","LMIC",2020,"ARIMA(1,0,0) with non-zero mean",0.703149492516755,0.438840978884746,0.967458006148765,0.89,0.186850507483245,0.451159021115254,-0.077458006148765,TRUE,5877,646
"Samoa","WSM","Oceania","LMIC",2021,"ARIMA(1,0,0) with non-zero mean",0.716922850943632,0.409370087820873,0.99,0.85,0.133077149056368,0.440629912179127,-0.14,TRUE,5901,885
"Samoa","WSM","Oceania","LMIC",2022,"ARIMA(1,0,0) with non-zero mean",0.725117648398388,0.403647760585822,0.99,0.76,0.0348823516016119,0.356352239414178,-0.23,TRUE,5944,1427
"Yemen","YEM","Asia","LIC",2020,"ARIMA(2,0,1) with non-zero mean",0.76438900112754,0.69558318559794,0.833194816657141,0.72,-0.0443890011275405,0.0244168144020602,-0.113194816657141,TRUE,972080,272182
"Yemen","YEM","Asia","LIC",2021,"ARIMA(2,0,1) with non-zero mean",0.733042544318328,0.627351452890254,0.838733635746403,0.72,-0.0130425443183285,0.0926485471097456,-0.118733635746403,TRUE,970075,271621
"Yemen","YEM","Asia","LIC",2022,"ARIMA(2,0,1) with non-zero mean",0.715972834721177,0.609917506520363,0.822028162921991,0.74,0.0240271652788232,0.130082493479637,-0.0820281629219908,TRUE,969803,252149
"South Africa","ZAF","Africa","UMIC",2020,"ARIMA(0,1,0)",0.85,0.776664128206753,0.923335871793247,0.84,-0.01,0.063335871793247,-0.083335871793247,TRUE,1172109,187537
"South Africa","ZAF","Africa","UMIC",2021,"ARIMA(0,1,0)",0.85,0.746287415501536,0.953712584498464,0.86,0.01,0.113712584498464,-0.0937125844984643,TRUE,1149260,160896
"South Africa","ZAF","Africa","UMIC",2022,"ARIMA(0,1,0)",0.85,0.722978544036739,0.977021455963261,0.85,0,0.127021455963261,-0.127021455963261,TRUE,1127365,169105
"Zambia","ZMB","Africa","LMIC",2020,"ARIMA(0,0,1) with non-zero mean",0.863372861859975,0.789388457343064,0.937357266376887,0.84,-0.0233728618599753,0.0506115426569359,-0.0973572663768866,TRUE,638202,102112
"Zambia","ZMB","Africa","LMIC",2021,"ARIMA(0,0,1) with non-zero mean",0.854251908798857,0.760181711432317,0.948322106165398,0.91,0.0557480912011428,0.149818288567683,-0.0383221061653977,TRUE,649282,58435
"Zambia","ZMB","Africa","LMIC",2022,"ARIMA(0,0,1) with non-zero mean",0.854251908798857,0.760181711432317,0.948322106165398,0.82,-0.0342519087988573,0.0598182885676831,-0.128322106165398,TRUE,661373,119047
"Zimbabwe","ZWE","Africa","LMIC",2020,"ARIMA(0,1,0)",0.9,0.810973829125053,0.989026170874947,0.86,-0.04,0.0490261708749467,-0.129026170874947,TRUE,471214,65970
"Zimbabwe","ZWE","Africa","LMIC",2021,"ARIMA(0,1,0)",0.9,0.774097981742506,0.99,0.88,-0.02,0.105902018257494,-0.11,TRUE,473570,56828
"Zimbabwe","ZWE","Africa","LMIC",2022,"ARIMA(0,1,0)",0.9,0.745802148841284,0.99,0.9,0,0.154197851158716,-0.09,TRUE,475650,47565
