unicef_region,iso3,country,vaccine,2021,2020,2019,2018,2017,2016,2015,2014,2013,2012,2011,2010,2009,2008,2007,2006,2005,2004,2003,2002,2001,2000,1999,1998,1997,1996,1995,1994,1993,1992,1991,1990,1989,1988,1987,1986,1985,1984,1983,1982,1981,1980
ROSA,AFG,Afghanistan,DTP1,74,78,75,81,75,73,73,73,76,78,78,72,72,75,76,75,76,72,66,62,59,48,52,52,48,56,44,33,41,45,47,50,58,60,50,32,37,39,24,24,,22
ECAR,ALB,Albania,DTP1,98,99,99,99,99,99,99,99,99,99,99,99,99,99,98,98,99,98,97,98,97,98,98,99,99,98,98,99,98,97,92,97,97,98,98,98,98,98,98,98,97,97
MENA,DZA,Algeria,DTP1,96,96,96,96,95,96,99,99,99,99,99,99,98,97,98,98,94,93,93,93,92,95,92,94,96,96,96,95,96,96,96,96,95,93,92,92,88,,,,,
Non-programme,AND,Andorra,DTP1,99,99,99,99,99,99,99,99,96,99,99,99,99,99,96,96,99,99,99,99,96,99,96,96,96,,,,,,,,,,,,,,,,,
ESAR,AGO,Angola,DTP1,57,61,67,74,68,74,72,69,67,66,68,68,68,69,69,66,62,75,68,65,57,44,51,59,66,53,48,52,55,45,51,48,41,33,31,31,28,28,25,,,
LACR,ATG,Antigua and Barbuda,DTP1,93,98,98,99,96,97,99,99,99,99,99,99,99,99,99,99,99,99,99,98,99,98,99,99,99,99,99,99,99,99,97,99,99,98,98,98,99,97,99,92,92,77
LACR,ARG,Argentina,DTP1,82,79,87,91,91,93,94,98,94,94,94,95,94,97,94,93,99,99,96,96,96,96,96,96,96,94,95,94,93,93,93,95,93,93,91,86,86,83,82,80,73,69
ECAR,ARM,Armenia,DTP1,96,96,96,96,97,97,97,97,97,98,98,98,97,96,96,95,96,97,98,98,98,97,97,93,96,95,98,95,95,95,,,,,,,,,,,,
Non-programme,AUS,Australia,DTP1,98,98,98,98,98,98,97,92,92,92,92,97,97,97,97,97,97,97,97,97,97,96,96,84,91,95,95,96,96,97,97,98,97,96,93,91,87,83,78,72,65,58
Non-programme,AUT,Austria,DTP1,95,95,93,90,94,95,97,99,98,97,96,95,94,94,95,86,99,99,90,99,99,99,93,94,96,96,96,96,96,96,96,96,96,96,96,96,96,96,96,96,96,96
ECAR,AZE,Azerbaijan,DTP1,92,85,96,96,97,98,97,96,95,94,94,94,90,90,87,86,81,84,83,82,83,83,83,81,78,82,79,77,65,64,,,,,,,,,,,,
LACR,BHS,Bahamas,DTP1,79,97,91,94,98,95,99,96,99,99,99,99,99,99,98,95,99,99,99,99,99,99,96,96,95,95,95,97,97,97,97,95,95,95,95,95,95,87,85,87,78,61
MENA,BHR,Bahrain,DTP1,99,99,99,99,98,99,98,98,99,99,99,99,98,98,97,99,99,99,99,99,99,98,99,98,98,96,98,99,97,97,99,97,98,98,98,97,96,95,94,92,91,89
ROSA,BGD,Bangladesh,DTP1,99,99,99,99,99,99,99,99,98,97,99,98,99,99,98,97,97,99,93,95,94,92,91,89,92,91,87,94,79,86,88,86,73,39,29,22,20,18,18,18,18,
LACR,BRB,Barbados,DTP1,83,86,92,96,90,99,99,98,97,96,95,94,93,85,93,94,97,97,91,92,92,93,95,96,98,95,97,96,95,96,94,97,92,91,92,92,94,94,87,83,80,82
ECAR,BLR,Belarus,DTP1,98,97,98,98,97,99,99,97,99,98,99,99,98,98,99,99,99,99,74,99,99,99,99,99,98,98,98,97,97,96,,,,,,,,,,,,
Non-programme,BEL,Belgium,DTP1,98,98,98,99,99,99,99,99,99,99,99,99,99,99,99,99,98,97,97,97,97,97,97,96,95,98,97,98,98,98,97,97,97,93,98,98,98,98,98,98,98,98
LACR,BLZ,Belize,DTP1,83,79,99,97,89,98,97,96,96,99,98,99,99,98,98,98,98,98,98,97,97,96,96,95,95,95,94,96,96,96,94,97,88,90,87,98,81,77,81,74,77,72
WCAR,BEN,Benin,DTP1,84,83,84,84,84,84,82,84,86,89,85,87,89,91,94,89,84,85,86,87,88,89,88,87,86,86,82,89,87,86,83,86,68,51,46,36,36,,,,,
ROSA,BTN,Bhutan,DTP1,99,96,99,98,99,99,99,99,97,97,98,94,97,97,98,97,97,92,96,95,96,96,95,96,95,95,95,95,92,95,97,98,91,88,84,77,66,53,39,37,35,25
LACR,BOL,Bolivia (Plurinational State of),DTP1,75,79,81,89,91,93,97,92,87,97,98,97,97,96,85,87,93,88,96,94,91,92,92,86,80,82,84,80,76,70,68,66,76,53,60,67,58,25,31,33,35,32
ECAR,BIH,Bosnia and Herzegovina,DTP1,89,89,89,89,92,90,89,92,94,95,94,95,95,95,96,94,95,93,93,86,94,90,90,91,92,86,78,94,63,80,,,,,,,,,,,,
ESAR,BWA,Botswana,DTP1,98,98,98,98,98,98,98,98,98,98,98,98,98,98,98,98,98,98,98,98,98,98,98,98,98,98,98,99,99,99,99,99,99,96,93,98,98,98,97,97,93,89
LACR,BRA,Brazil,DTP1,74,88,79,87,99,95,97,98,98,99,99,99,99,99,99,99,99,99,99,99,99,99,99,99,99,75,85,50,91,88,92,86,79,80,80,80,86,87,82,79,72,62
EAPR,BRN,Brunei Darussalam,DTP1,99,99,99,99,99,99,99,99,99,98,99,98,99,99,99,99,99,99,99,99,99,99,99,99,99,99,99,99,99,98,98,97,97,96,95,95,96,98,95,99,97,96
ECAR,BGR,Bulgaria,DTP1,92,94,96,94,96,94,93,90,96,96,96,96,96,97,96,97,97,95,96,97,95,95,96,96,97,98,98,97,98,98,99,99,99,99,99,99,99,99,99,99,99,98
WCAR,BFA,Burkina Faso,DTP1,95,95,95,95,95,95,95,95,94,94,93,93,93,97,92,91,91,90,90,89,93,97,83,77,78,78,79,79,79,79,86,92,81,74,53,48,35,,,,,
ESAR,BDI,Burundi,DTP1,96,98,97,94,94,97,97,98,98,98,99,99,99,98,99,99,96,95,93,91,90,88,86,86,86,86,86,72,84,93,94,95,94,68,87,76,61,51,69,58,61,
WCAR,CPV,Cabo Verde,DTP1,93,93,96,99,97,96,97,99,93,98,99,99,99,99,99,98,97,96,95,95,94,94,93,93,92,90,90,95,96,96,95,96,99,96,97,77,64,56,47,,,
EAPR,KHM,Cambodia,DTP1,94,94,94,94,94,94,94,94,94,97,95,93,99,95,87,85,85,92,74,60,65,78,73,78,62,59,55,53,51,48,63,63,72,70,62,62,47,40,,,,
WCAR,CMR,Cameroon,DTP1,76,77,75,76,83,83,86,90,95,94,90,92,88,93,90,87,85,80,79,75,70,66,69,71,72,71,71,63,62,62,67,70,73,68,63,58,52,46,44,31,18,
Non-programme,CAN,Canada,DTP1,94,94,94,94,94,95,95,95,95,96,96,96,96,96,96,96,96,96,95,95,95,95,95,95,95,98,97,97,96,96,96,96,95,95,95,,,,,,,
WCAR,CAF,Central African Republic,DTP1,54,54,54,54,54,54,57,60,35,66,69,67,65,65,65,64,64,64,65,65,65,60,55,61,66,72,77,76,75,75,85,95,84,67,46,42,44,40,39,36,32,35
WCAR,TCD,Chad,DTP1,73,69,65,61,55,55,59,63,58,57,55,55,45,47,50,58,46,35,45,45,44,45,45,47,48,44,41,41,35,31,41,44,44,36,36,31,21,21,18,,,
LACR,CHL,Chile,DTP1,99,98,99,99,98,99,97,99,92,90,94,93,94,96,98,95,92,94,98,98,99,98,97,97,96,97,97,97,96,96,97,98,98,98,97,96,99,99,96,99,99,97
EAPR,CHN,China,DTP1,99,99,99,99,99,99,99,99,99,99,99,99,99,99,99,99,95,95,95,95,95,94,94,94,94,94,93,95,96,97,97,98,98,98,91,92,92,90,80,,,
LACR,COL,Colombia,DTP1,90,92,95,92,94,93,93,91,97,91,95,96,97,97,97,98,97,90,94,93,82,91,95,95,94,95,95,95,94,92,94,96,92,90,80,72,82,82,67,51,44,39
ESAR,COM,Comoros,DTP1,95,93,96,96,96,96,96,93,90,91,92,81,89,85,79,78,77,85,82,96,85,85,73,90,72,82,91,80,88,63,76,97,94,68,88,88,75,56,,,,
WCAR,COG,Congo,DTP1,81,77,82,79,75,76,85,95,90,90,90,90,92,93,80,81,73,67,62,50,44,45,46,46,47,62,74,78,82,86,90,92,92,89,89,88,77,77,74,72,67,67
EAPR,COK,Cook Islands,DTP1,99,99,99,99,99,99,99,99,98,98,98,99,99,99,99,99,99,99,96,99,97,99,98,98,97,91,97,95,99,95,95,97,96,97,94,95,92,72,80,75,71,65
LACR,CRI,Costa Rica,DTP1,99,99,96,95,99,99,93,91,98,92,87,96,91,90,90,89,97,96,90,98,91,90,92,95,97,95,95,96,96,96,96,98,95,95,97,96,96,97,95,93,95,95
WCAR,CIV,Cote d'Ivoire,DTP1,85,84,92,95,93,98,96,92,83,93,74,87,95,89,93,95,83,73,71,76,81,85,77,74,77,70,64,72,77,73,64,77,67,56,56,55,50,42,,,,
ECAR,HRV,Croatia,DTP1,98,98,98,98,98,98,98,98,98,98,97,97,97,97,96,96,96,96,98,99,94,95,96,96,97,97,96,95,95,94,,,,,,,,,,,,
LACR,CUB,Cuba,DTP1,99,99,99,99,99,99,99,99,99,99,99,96,98,96,97,98,99,89,90,99,99,98,95,99,99,96,99,99,99,97,99,97,98,98,95,99,97,95,99,99,87,86
Non-programme,CYP,Cyprus,DTP1,98,98,98,99,98,98,98,99,99,99,99,99,99,98,98,98,98,98,98,98,98,98,98,98,98,98,98,98,98,97,97,97,97,96,97,97,82,55,59,51,79,59
Non-programme,CZE,Czechia,DTP1,98,99,99,99,98,98,99,99,99,99,99,99,99,99,99,99,99,99,99,99,99,99,99,99,99,98,98,98,99,,,,,,,,,,,,,
EAPR,PRK,Democratic People's Republic of Korea,DTP1,42,98,98,99,98,97,97,94,94,97,95,94,94,93,93,91,83,75,70,65,63,61,58,56,54,74,84,91,96,96,98,98,98,95,95,82,78,86,76,75,76,74
WCAR,COD,Democratic Republic of the Congo,DTP1,81,83,84,82,82,81,81,81,78,78,78,68,78,76,73,71,68,66,53,47,49,49,46,44,41,41,47,51,54,47,39,60,63,66,63,57,62,52,39,40,41,
Non-programme,DNK,Denmark,DTP1,98,97,97,97,99,97,96,96,97,97,94,93,90,89,87,93,93,95,98,99,97,98,99,99,97,94,97,96,97,98,98,98,98,97,97,97,99,95,96,97,97,97
MENA,DJI,Djibouti,DTP1,70,76,90,91,83,74,90,93,87,85,89,90,90,90,92,76,73,81,76,72,65,66,63,60,57,66,66,66,66,66,77,95,91,85,50,48,46,45,36,25,,
LACR,DMA,Dominica,DTP1,96,99,99,99,98,99,99,99,98,98,99,99,99,96,98,98,99,99,99,99,99,99,99,99,97,99,99,99,99,99,98,97,97,98,98,97,97,94,97,99,98,84
LACR,DOM,Dominican Republic,DTP1,99,86,96,98,99,98,99,95,91,92,91,96,85,86,87,93,92,87,88,92,95,91,95,91,86,88,89,90,91,90,88,87,80,80,93,93,64,59,54,53,52,61
LACR,ECU,Ecuador,DTP1,78,74,85,86,95,94,80,84,87,88,89,91,98,98,98,96,96,95,95,95,95,94,93,94,93,94,94,94,95,95,81,87,78,77,75,69,66,72,56,60,51,31
MENA,EGY,Egypt,DTP1,97,95,96,96,95,96,94,96,97,94,97,97,97,98,98,98,98,98,98,98,99,98,98,97,96,96,96,94,93,92,91,95,96,95,93,93,94,87,80,80,80,80
LACR,SLV,El Salvador,DTP1,72,79,82,82,83,91,93,96,97,92,90,90,97,99,99,98,96,96,98,93,97,99,98,99,98,98,99,96,92,82,82,93,84,84,77,74,78,56,45,67,67,69
WCAR,GNQ,Equatorial Guinea,DTP1,77,77,77,77,77,77,64,77,73,68,64,59,60,60,61,61,62,62,63,63,64,64,65,94,94,94,94,94,94,95,96,96,72,42,31,21,21,,,,,
ESAR,ERI,Eritrea,DTP1,97,97,97,97,97,97,98,97,97,97,97,97,97,97,98,98,99,99,97,94,91,88,97,90,83,75,68,61,49,,,,,,,,,,,,,
Non-programme,EST,Estonia,DTP1,91,92,92,93,94,94,94,95,96,96,96,96,97,97,98,98,99,98,99,99,99,96,98,97,96,96,94,92,90,,,,,,,,,,,,,
ESAR,SWZ,Eswatini,DTP1,86,87,96,96,96,96,96,99,99,97,98,95,95,96,95,95,95,95,95,95,95,94,94,94,94,94,94,98,96,97,92,96,96,96,95,90,82,74,68,64,55,
ESAR,ETH,Ethiopia,DTP1,70,76,76,77,76,75,74,73,67,74,80,77,74,71,67,64,61,58,55,52,50,47,44,61,78,78,80,80,53,35,45,73,51,39,39,27,25,22,22,21,21,
EAPR,FJI,Fiji,DTP1,99,99,99,99,99,99,99,99,99,99,99,99,99,99,99,99,99,99,98,98,97,97,96,96,95,98,98,98,98,98,99,98,98,98,96,88,87,91,93,84,88,87
Non-programme,FIN,Finland,DTP1,98,98,98,99,98,99,99,99,99,99,99,99,99,99,99,99,99,98,98,99,99,99,99,99,99,99,99,99,99,99,98,96,96,99,98,98,98,98,97,97,97,97
Non-programme,FRA,France,DTP1,99,99,99,99,99,99,99,99,99,99,99,99,99,99,99,99,99,99,99,99,99,99,99,99,99,98,98,98,97,97,97,97,98,92,96,98,98,97,96,95,92,92
WCAR,GAB,Gabon,DTP1,76,69,77,78,81,83,87,77,80,86,82,82,81,85,86,69,69,69,69,69,69,69,69,72,75,78,81,85,88,92,94,96,96,86,76,66,56,46,36,,,
WCAR,GMB,Gambia,DTP1,82,88,93,94,93,99,99,98,99,99,99,99,98,96,98,98,95,96,97,96,97,97,97,98,98,99,99,99,99,97,96,98,96,96,95,93,90,91,88,91,87,89
ECAR,GEO,Georgia,DTP1,97,95,99,99,98,97,97,99,99,94,98,99,99,99,99,99,91,88,95,96,97,89,88,87,88,90,91,80,77,80,,,,,,,,,,,,
Non-programme,DEU,Germany,DTP1,98,98,98,98,98,98,98,98,98,99,99,99,99,99,99,99,98,98,97,97,97,96,99,95,95,94,92,90,83,95,93,93,93,93,93,96,93,97,97,98,98,
WCAR,GHA,Ghana,DTP1,99,94,97,97,99,94,97,99,94,92,94,96,96,96,96,87,88,88,87,84,81,96,86,87,88,88,88,88,86,83,82,80,75,72,67,60,46,42,47,47,46,27
Non-programme,GRC,Greece,DTP1,99,99,99,99,99,99,99,99,99,99,99,99,99,99,99,99,96,96,96,96,96,96,96,96,96,96,96,96,96,96,95,77,77,94,94,93,77,82,89,94,98,89
LACR,GRD,Grenada,DTP1,79,79,97,96,98,98,94,97,99,99,98,99,99,99,98,97,99,87,99,99,98,99,96,99,98,93,98,97,96,96,95,93,95,85,93,98,82,91,87,79,68,50
LACR,GTM,Guatemala,DTP1,89,92,92,94,98,99,99,91,98,98,94,96,95,99,88,95,97,98,96,93,93,94,91,94,90,86,91,88,91,86,84,86,74,72,39,62,45,72,69,70,67,68
WCAR,GIN,Guinea,DTP1,62,62,62,62,62,62,64,58,64,70,76,86,76,64,76,75,75,75,71,68,64,61,57,72,72,72,77,77,77,76,61,40,40,39,37,37,37,37,37,37,,
WCAR,GNB,Guinea-Bissau,DTP1,81,87,86,92,91,90,91,92,93,94,92,93,94,91,89,86,83,81,79,77,75,73,68,76,83,77,70,90,89,86,84,82,86,95,87,88,57,57,45,,,
LACR,GUY,Guyana,DTP1,98,99,99,99,97,97,96,99,98,99,97,99,99,94,96,95,93,97,93,96,98,97,97,97,96,94,95,96,97,92,93,94,91,84,86,84,91,88,79,77,70,60
LACR,HTI,Haiti,DTP1,75,75,75,84,84,84,84,79,82,85,88,87,86,86,85,84,83,81,79,77,75,73,71,69,66,75,75,75,73,72,70,66,74,72,53,48,42,36,29,35,36,21
LACR,HND,Honduras,DTP1,82,85,89,93,92,98,99,99,99,98,99,99,99,97,94,96,99,98,97,98,98,98,98,99,96,97,97,97,97,97,97,94,95,90,80,83,80,66,76,71,59,53
Non-programme,HUN,Hungary,DTP1,99,99,99,99,99,99,99,99,99,99,99,99,99,99,99,99,99,99,99,99,99,99,99,99,99,99,99,99,99,99,99,99,99,99,99,99,99,99,99,99,99,99
Non-programme,ISL,Iceland,DTP1,97,96,95,97,97,96,96,96,97,97,99,98,99,99,97,97,95,99,97,96,95,99,99,99,99,99,99,99,99,99,99,99,99,99,99,99,99,99,97,98,99,99
ROSA,IND,India,DTP1,88,87,94,93,92,91,90,90,90,89,89,86,84,81,81,81,82,77,76,75,75,74,74,78,82,86,88,86,82,79,80,88,74,65,55,44,41,39,36,33,25,25
EAPR,IDN,Indonesia,DTP1,74,83,90,90,90,90,90,93,97,90,88,89,88,88,85,86,85,84,84,83,82,84,86,88,90,89,87,87,86,84,83,82,80,77,74,72,52,35,25,18,18,
MENA,IRN,Iran (Islamic Republic of),DTP1,98,99,99,99,99,99,99,99,98,99,99,99,99,99,99,98,97,99,99,99,96,99,99,99,99,99,98,98,99,98,96,97,94,96,80,80,75,58,58,66,54,57
MENA,IRQ,Iraq,DTP1,89,90,93,95,89,71,80,84,85,90,92,86,88,81,68,76,84,86,87,89,90,92,93,79,89,88,86,84,82,86,90,93,97,98,98,98,98,81,39,41,35,36
Non-programme,IRL,Ireland,DTP1,98,98,98,98,98,98,98,98,98,98,98,98,98,97,97,97,96,96,95,94,94,95,95,94,90,90,90,88,88,87,86,85,85,68,69,69,70,70,67,68,61,59
Non-programme,ISR,Israel,DTP1,99,99,99,99,99,94,95,95,96,94,94,95,96,94,95,95,93,95,95,95,95,95,95,95,95,97,98,98,98,98,97,97,97,97,97,97,95,95,96,97,97,94
Non-programme,ITA,Italy,DTP1,94,94,98,95,95,95,95,96,96,99,96,96,96,96,97,97,97,97,97,97,97,98,98,98,98,98,98,98,98,98,98,94,,,,,,,,,,
LACR,JAM,Jamaica,DTP1,93,97,97,99,95,99,97,97,97,98,94,98,91,97,97,96,99,99,98,99,99,97,96,92,96,97,96,97,97,95,95,95,95,94,93,90,82,80,75,59,64,48
Non-programme,JPN,Japan,DTP1,98,98,99,99,99,99,98,98,98,99,99,99,99,99,99,99,99,99,99,98,98,88,88,88,88,99,90,93,95,95,97,96,95,95,95,94,94,94,93,93,91,82
MENA,JOR,Jordan,DTP1,78,78,90,98,99,99,99,98,99,98,98,98,98,98,99,99,98,96,98,96,99,91,86,99,99,99,99,95,93,97,97,97,97,97,96,96,95,93,91,91,93,55
ECAR,KAZ,Kazakhstan,DTP1,98,94,99,99,99,93,99,96,99,99,99,99,98,99,97,99,99,85,99,96,96,98,98,99,98,98,97,91,91,93,,,,,,,,,,,,
ESAR,KEN,Kenya,DTP1,99,94,97,97,93,96,96,97,95,98,98,93,92,90,89,90,85,87,89,90,84,83,89,93,96,96,96,96,96,96,92,92,92,92,91,89,88,80,,,,
EAPR,KIR,Kiribati,DTP1,99,99,97,96,94,82,81,83,95,94,99,97,90,97,99,98,93,75,78,82,85,95,96,96,97,92,82,88,99,95,88,98,92,84,61,62,62,41,65,77,54,68
MENA,KWT,Kuwait,DTP1,99,99,99,99,99,99,99,97,99,99,99,98,99,99,99,99,99,99,99,99,99,98,97,98,98,99,99,99,98,96,93,88,97,97,97,97,96,96,96,94,92,86
ECAR,KGZ,Kyrgyzstan,DTP1,89,90,99,98,94,97,99,96,98,96,97,99,98,99,98,96,98,99,99,99,99,99,99,98,98,98,97,94,84,94,,,,,,,,,,,,
EAPR,LAO,Lao People's Democratic Republic,DTP1,85,87,86,91,91,88,88,88,84,84,82,81,76,73,59,68,68,66,72,64,59,83,83,82,82,80,77,72,50,47,46,41,45,40,31,24,22,24,27,27,27,
Non-programme,LVA,Latvia,DTP1,96,99,99,97,98,99,97,93,96,92,95,99,98,94,98,98,99,99,98,99,99,99,98,99,99,99,99,99,97,95,,,,,,,,,,,,
MENA,LBN,Lebanon,DTP1,88,87,96,96,96,96,96,96,95,93,91,88,86,84,84,84,83,83,83,85,88,90,92,95,97,97,97,97,97,96,95,94,92,84,71,55,40,22,22,22,20,17
ESAR,LSO,Lesotho,DTP1,92,92,92,92,92,92,89,94,98,98,97,97,96,96,96,96,95,95,95,89,83,87,90,92,93,94,95,94,94,93,92,91,91,90,89,91,92,88,83,79,75,75
WCAR,LBR,Liberia,DTP1,81,82,86,91,89,83,77,74,91,91,86,80,90,85,80,75,75,65,69,73,76,80,84,,,,,,,,,,,,,,,,,,,
MENA,LBY,Libya,DTP1,74,74,74,74,99,98,98,96,98,99,99,98,98,98,98,98,98,99,99,97,96,97,97,98,98,98,98,98,98,96,95,94,95,94,94,94,93,93,92,89,86,82
Non-programme,LTU,Lithuania,DTP1,93,95,96,95,97,97,97,97,97,97,95,98,98,96,99,98,98,94,98,98,98,99,98,97,96,97,96,94,94,92,,,,,,,,,,,,
Non-programme,LUX,Luxembourg,DTP1,99,99,99,99,99,99,99,99,99,99,99,99,99,99,99,99,99,99,99,99,99,99,98,98,98,98,98,98,97,97,97,96,96,96,98,95,91,87,91,,,
ESAR,MDG,Madagascar,DTP1,65,73,76,73,71,74,71,77,76,78,80,78,80,84,92,93,88,82,79,76,75,74,73,73,73,73,80,86,86,85,77,71,70,67,60,55,47,42,47,37,,
ESAR,MWI,Malawi,DTP1,95,95,97,96,93,89,93,97,96,99,98,97,97,97,96,99,99,99,99,94,99,98,98,98,98,96,96,94,97,95,95,95,95,94,92,80,78,80,84,84,86,80
EAPR,MYS,Malaysia,DTP1,98,99,99,99,99,98,99,99,99,99,98,98,99,99,99,98,98,98,98,98,98,99,99,99,98,98,98,95,91,92,93,95,92,76,78,73,68,67,71,90,86,86
ROSA,MDV,Maldives,DTP1,97,99,99,99,99,99,99,99,99,99,97,97,99,99,99,98,99,98,98,98,99,98,99,98,98,98,99,98,93,99,98,97,97,95,67,67,53,48,35,18,18,22
WCAR,MLI,Mali,DTP1,82,75,82,82,82,82,78,73,69,75,80,81,82,85,89,91,96,94,91,87,78,61,67,73,79,77,73,64,71,63,59,67,51,41,28,28,28,,,,,
Non-programme,MLT,Malta,DTP1,99,99,98,99,98,97,98,99,99,99,99,97,91,88,84,85,94,92,96,95,98,97,97,97,97,97,97,96,94,94,95,84,72,95,95,95,62,74,,,,
EAPR,MHL,Marshall Islands,DTP1,97,97,96,97,97,87,95,97,97,97,99,99,99,99,99,90,89,71,90,90,99,64,85,95,92,92,88,86,79,94,88,97,97,97,,,,,,,,
WCAR,MRT,Mauritania,DTP1,75,80,88,86,86,87,87,95,95,95,91,82,79,88,92,85,85,83,91,96,76,73,70,56,69,89,93,88,82,76,65,69,63,62,55,57,52,45,44,44,41,
ESAR,MUS,Mauritius,DTP1,93,94,97,98,96,97,98,97,99,99,99,99,99,99,97,99,99,98,99,96,92,88,91,93,96,96,97,96,96,96,97,95,95,95,94,95,96,95,96,97,94,96
LACR,MEX,Mexico,DTP1,83,77,84,90,93,96,99,95,90,99,99,96,98,98,99,99,99,99,99,99,99,99,99,98,98,98,97,97,94,96,96,77,85,82,83,75,65,76,66,65,68,69
EAPR,FSM,Micronesia (Federated States of),DTP1,95,98,97,97,97,95,95,97,98,97,96,90,97,87,86,83,98,81,97,87,90,92,92,91,91,92,94,93,92,97,92,95,98,95,80,,,,,,,
Non-programme,MCO,Monaco,DTP1,99,99,99,99,99,99,99,99,99,99,99,99,99,99,99,99,99,99,99,99,99,99,99,99,99,99,99,99,99,98,98,99,99,99,,,,,,,,
EAPR,MNG,Mongolia,DTP1,97,98,99,99,99,99,99,99,98,99,99,98,95,98,95,99,99,99,98,99,95,95,95,96,97,96,96,92,93,93,93,94,94,94,93,93,93,91,92,92,92,91
ECAR,MNE,Montenegro,DTP1,94,94,94,94,95,97,96,97,98,98,98,97,96,98,98,95,,,,,,,,,,,,,,,,,,,,,,,,,,
MENA,MAR,Morocco,DTP1,99,99,99,99,99,99,99,99,99,99,99,99,99,99,98,99,99,99,94,98,97,98,93,99,99,91,94,92,90,95,93,93,93,94,95,84,75,70,66,57,,
ESAR,MOZ,Mozambique,DTP1,67,83,91,91,92,92,93,93,93,92,92,91,89,87,85,86,87,88,89,88,86,84,82,80,78,76,75,74,73,74,71,71,72,63,64,57,54,57,63,68,79,
EAPR,MMR,Myanmar,DTP1,45,87,93,95,94,94,94,92,90,89,88,93,93,88,89,86,76,86,80,81,81,87,87,92,96,96,94,91,96,95,94,96,74,53,47,44,39,33,32,29,24,22
ESAR,NAM,Namibia,DTP1,97,97,92,94,94,90,98,92,94,89,88,87,87,88,88,91,93,88,87,86,88,90,90,88,86,88,90,92,90,88,87,,,,,,,,,,,
EAPR,NRU,Nauru,DTP1,99,99,99,99,99,99,98,99,99,98,99,99,99,99,99,98,90,93,97,99,98,85,81,78,74,77,79,82,84,86,88,90,91,86,78,82,86,86,,,,
ROSA,NPL,Nepal,DTP1,92,89,96,96,96,95,94,94,94,90,96,85,94,84,85,93,81,88,82,84,84,84,91,92,92,85,77,77,75,73,71,68,69,70,71,63,57,52,47,41,39,28
Non-programme,NLD,Netherlands,DTP1,98,98,98,97,98,98,98,98,99,99,99,99,99,99,99,98,98,99,99,99,99,99,99,99,99,98,98,98,98,98,98,98,98,98,98,98,98,98,98,98,98,98
Non-programme,NZL,New Zealand,DTP1,93,94,94,95,95,92,93,93,93,94,95,95,94,91,91,92,92,91,91,90,96,96,91,93,95,96,96,94,94,93,93,96,93,87,86,88,89,94,90,90,89,91
LACR,NIC,Nicaragua,DTP1,88,94,99,99,99,99,99,99,99,99,99,99,99,99,94,94,92,80,86,88,92,97,96,94,93,93,93,93,93,93,91,88,87,72,75,70,64,58,48,52,47,39
WCAR,NER,Niger,DTP1,94,93,92,91,95,92,93,95,89,87,86,83,81,76,68,63,58,56,53,51,48,46,43,44,45,44,42,41,39,38,36,46,35,29,27,24,22,24,24,25,25,
WCAR,NGA,Nigeria,DTP1,70,70,68,67,65,62,49,48,50,51,56,60,73,63,52,49,48,46,45,43,42,42,41,48,70,51,59,69,54,68,64,79,72,61,54,46,39,29,,,,
EAPR,NIU,Niue,DTP1,99,99,99,99,99,99,99,99,99,99,99,99,99,99,99,99,95,99,99,99,99,99,99,99,99,99,99,99,99,99,99,99,99,99,99,93,83,68,56,44,28,27
Non-programme,NOR,Norway,DTP1,98,98,99,99,99,99,99,99,99,99,99,99,99,99,99,99,99,99,99,99,99,99,99,99,99,98,98,97,97,98,98,95,94,94,93,94,95,96,96,,,
MENA,OMN,Oman,DTP1,99,99,99,99,99,99,99,99,99,99,99,99,99,99,99,98,99,99,99,99,99,99,99,99,99,99,99,98,98,99,98,98,98,96,96,94,82,70,56,48,42,41
ROSA,PAK,Pakistan,DTP1,90,83,90,87,83,82,82,80,78,78,77,67,67,69,70,72,73,75,74,72,71,69,68,66,65,62,73,64,62,67,74,77,65,63,61,59,55,47,37,24,21,20
EAPR,PLW,Palau,DTP1,99,99,99,99,99,99,99,99,99,99,99,99,99,99,99,98,98,99,99,99,98,98,96,96,97,98,99,86,96,97,98,99,92,99,93,98,,,,,,
LACR,PAN,Panama,DTP1,93,93,97,97,96,96,96,96,93,99,98,96,95,93,97,96,95,98,99,99,99,99,96,99,98,97,95,94,94,91,94,95,88,91,89,88,90,81,82,82,92,72
EAPR,PNG,Papua New Guinea,DTP1,39,48,44,44,46,64,62,68,71,71,70,70,71,64,72,83,80,81,88,81,77,84,82,85,87,80,97,91,93,82,93,97,77,72,69,69,65,59,52,54,57,57
LACR,PRY,Paraguay,DTP1,79,84,88,91,95,94,96,95,97,94,95,95,94,96,99,99,97,94,95,95,96,95,85,88,91,89,87,88,86,90,86,86,82,79,80,77,80,86,70,59,53,40
LACR,PER,Peru,DTP1,90,93,97,90,90,94,97,98,97,99,94,97,97,97,93,96,94,93,98,98,91,99,99,94,96,97,96,95,95,94,88,89,80,82,68,74,72,53,47,47,44,39
EAPR,PHL,Philippines,DTP1,57,74,73,78,82,87,82,86,90,94,93,92,92,91,90,90,91,92,86,84,92,92,91,91,90,82,76,81,86,91,96,96,95,92,90,86,81,80,78,77,77,72
Non-programme,POL,Poland,DTP1,99,99,99,99,99,99,99,99,99,99,99,99,99,99,99,99,99,99,99,99,99,99,99,99,99,98,98,98,98,98,98,98,98,98,98,98,97,98,98,98,98,98
Non-programme,PRT,Portugal,DTP1,99,99,99,99,99,99,99,99,99,99,97,99,97,99,99,99,94,98,99,98,99,99,98,98,97,98,97,98,97,97,98,96,96,93,94,93,89,92,92,92,91,90
MENA,QAT,Qatar,DTP1,99,96,99,99,98,99,99,99,99,95,94,98,99,97,96,99,99,99,96,96,95,92,94,95,97,97,97,97,96,96,95,94,93,87,89,89,88,82,73,62,68,82
EAPR,KOR,Republic of Korea,DTP1,98,98,98,98,98,98,98,99,99,99,99,96,96,95,95,98,98,95,97,97,97,97,96,94,93,96,99,97,96,94,92,90,96,80,80,91,91,91,87,82,82,
ECAR,MDA,Republic of Moldova,DTP1,87,86,91,96,91,94,88,94,96,97,96,93,88,96,95,97,98,99,99,99,97,98,99,99,98,98,98,95,88,94,,,,,,,,,,,,
ECAR,MKD,Republic of North Macedonia,DTP1,89,93,98,98,97,97,98,98,99,98,97,97,96,96,95,95,99,96,99,99,95,98,98,98,98,97,98,96,96,,,,,,,,,,,,,
ECAR,ROU,Romania,DTP1,95,95,96,94,94,94,95,95,95,95,96,96,96,96,97,97,97,97,98,98,99,99,99,99,99,98,98,98,97,98,98,98,98,98,97,96,98,,,,,
ECAR,RUS,Russian Federation,DTP1,97,97,97,97,97,97,97,97,97,97,97,97,99,99,99,99,99,97,97,97,97,97,97,96,96,94,92,96,92,89,,,,,,,,,,,,
ESAR,RWA,Rwanda,DTP1,90,91,99,98,99,99,99,99,99,99,98,98,98,97,99,99,95,94,97,95,94,93,93,92,90,96,94,47,94,95,97,94,94,93,96,95,74,78,81,63,40,
LACR,KNA,Saint Kitts and Nevis,DTP1,97,99,98,99,99,99,98,99,98,99,99,98,99,99,99,99,99,98,99,99,99,99,99,99,99,99,99,99,99,99,99,99,99,97,98,99,97,98,96,97,86,79
LACR,LCA,Saint Lucia,DTP1,89,90,99,99,89,95,99,99,99,99,99,98,99,99,99,94,99,99,90,99,99,76,96,91,98,96,98,97,98,98,98,96,97,92,95,92,95,94,93,92,84,79
LACR,VCT,Saint Vincent and the Grenadines,DTP1,99,99,99,97,99,99,99,99,99,98,98,99,99,99,99,99,99,99,99,99,99,99,98,99,99,99,98,99,99,99,99,98,98,98,98,98,96,95,93,86,57,51
EAPR,WSM,Samoa,DTP1,96,99,97,67,78,90,85,86,88,88,91,91,86,48,85,80,87,91,96,99,99,99,97,99,98,98,97,97,97,97,92,96,86,96,97,97,96,98,96,95,86,54
Non-programme,SMR,San Marino,DTP1,91,92,90,94,88,93,87,87,88,91,94,91,91,91,92,93,97,96,97,98,98,98,99,99,99,99,99,96,99,99,99,99,99,99,99,99,99,99,99,,,
WCAR,STP,Sao Tome and Principe,DTP1,97,97,97,97,96,97,98,98,99,98,98,98,99,99,99,99,99,99,98,94,97,89,90,89,90,87,92,94,82,87,95,97,84,91,89,85,72,73,51,59,67,
MENA,SAU,Saudi Arabia,DTP1,97,96,96,96,99,98,98,99,98,98,99,98,98,98,97,97,97,96,96,97,99,95,94,95,94,97,98,98,97,97,97,97,98,96,96,95,93,91,86,83,77,66
WCAR,SEN,Senegal,DTP1,87,93,97,96,97,96,94,94,96,96,97,96,94,94,97,99,97,95,81,70,79,79,78,79,81,88,93,80,80,77,75,75,72,81,80,77,,,,,,
ECAR,SRB,Serbia,DTP1,97,97,99,98,98,97,98,97,98,97,98,97,98,98,98,97,99,91,91,98,95,97,97,97,97,97,96,95,95,94,,,,,,,,,,,,
ESAR,SYC,Seychelles,DTP1,99,99,99,99,98,98,99,99,99,98,99,99,99,99,99,99,99,99,99,99,99,99,99,99,98,99,98,98,98,98,98,99,98,97,96,97,95,98,98,78,35,
WCAR,SLE,Sierra Leone,DTP1,94,93,95,97,98,97,95,88,98,98,97,95,94,84,77,79,80,82,90,89,58,64,68,,,,,,,,,,,,,,,,,,,
EAPR,SGP,Singapore,DTP1,98,98,98,98,98,98,98,98,98,98,97,98,98,98,98,96,96,96,96,98,98,98,98,98,98,94,98,95,97,96,97,95,96,96,98,97,92,91,94,94,95,94
Non-programme,SVK,Slovakia,DTP1,97,98,99,99,99,99,99,99,99,99,99,99,99,99,99,99,99,99,99,99,99,99,99,99,99,99,99,99,,,,,,,,,,,,,,
Non-programme,SVN,Slovenia,DTP1,92,98,98,97,98,98,98,98,98,98,98,98,98,99,99,99,98,98,98,96,96,96,96,97,97,98,98,98,98,98,,,,,,,,,,,,
EAPR,SLB,Solomon Islands,DTP1,95,98,99,86,87,99,93,83,88,96,97,90,88,85,93,99,93,91,86,82,84,95,96,88,89,89,87,87,85,88,91,91,86,87,86,67,63,70,52,47,60,71
ESAR,SOM,Somalia,DTP1,52,52,52,52,52,52,52,52,52,52,52,55,52,40,59,40,50,50,65,60,57,57,59,51,42,45,46,47,46,45,44,42,41,51,50,40,46,31,24,24,20,
ESAR,ZAF,South Africa,DTP1,91,88,87,84,85,88,91,88,81,72,80,80,81,93,95,94,83,80,77,80,82,85,88,90,93,90,89,90,93,92,93,89,88,88,89,88,91,91,90,,,
ESAR,SSD,South Sudan,DTP1,51,51,51,51,55,58,55,62,67,76,79,,,,,,,,,,,,,,,,,,,,,,,,,,,,,,,
Non-programme,ESP,Spain,DTP1,96,98,98,98,98,98,98,98,98,98,98,98,98,98,98,98,98,98,98,98,98,98,98,98,98,96,96,96,95,94,95,95,97,97,91,96,92,98,,,,
ROSA,LKA,Sri Lanka,DTP1,96,96,99,99,99,99,99,99,99,99,99,99,97,99,99,99,99,98,99,99,99,99,99,97,98,97,97,96,96,96,95,95,95,94,91,91,88,86,84,80,70,71
MENA,PSE,State of Palestine,DTP1,99,99,99,99,99,99,99,99,99,98,99,99,99,99,99,99,99,99,99,99,97,95,96,99,98,98,99,98,97,,,,,,,,,,,,,
MENA,SDN,Sudan,DTP1,94,96,97,97,98,97,97,98,97,97,97,99,92,96,95,91,88,82,83,75,79,75,66,71,78,79,72,71,75,77,83,83,82,65,52,36,28,22,21,20,18,18
LACR,SUR,Suriname,DTP1,81,60,81,83,78,80,74,78,81,90,84,96,91,95,96,94,93,92,81,86,90,88,90,93,95,93,94,90,91,90,91,94,89,84,88,93,94,93,95,82,52,50
Non-programme,SWE,Sweden,DTP1,98,98,98,99,99,99,99,99,99,99,99,99,99,99,99,99,99,99,99,99,99,99,99,99,99,99,99,99,99,99,99,99,99,99,99,99,99,99,99,99,99,99
Non-programme,CHE,Switzerland,DTP1,97,98,98,98,98,98,97,97,96,96,98,95,95,95,95,95,95,95,95,95,95,95,95,93,93,93,93,93,93,93,93,96,96,96,96,96,,,,,,
MENA,SYR,Syrian Arab Republic,DTP1,65,65,72,67,63,61,62,65,55,68,86,89,89,88,88,88,88,89,90,92,90,90,93,94,95,96,96,97,98,95,95,93,99,83,71,90,54,50,45,37,36,35
ECAR,TJK,Tajikistan,DTP1,97,98,98,98,98,98,97,98,98,96,98,95,96,92,88,92,92,93,92,92,89,88,88,87,85,80,86,93,84,89,,,,,,,,,,,,
EAPR,THA,Thailand,DTP1,99,99,99,99,99,99,99,99,99,99,99,99,99,99,99,99,99,99,99,98,98,98,99,98,98,97,98,97,96,95,96,97,96,93,91,86,83,77,73,73,76,73
EAPR,TLS,Timor-Leste,DTP1,87,87,90,92,92,86,80,81,87,84,70,76,77,85,76,71,64,65,65,68,,,,,,,,,,,,,,,,,,,,,,
WCAR,TGO,Togo,DTP1,88,87,90,88,88,89,88,89,94,94,94,97,93,92,94,91,91,83,83,75,63,80,81,74,67,70,74,77,80,83,87,90,93,84,92,59,48,32,41,36,29,
EAPR,TON,Tonga,DTP1,99,99,99,99,99,97,99,99,99,95,99,99,99,99,99,99,99,99,99,96,99,99,99,98,98,99,98,96,98,99,96,97,97,97,99,91,97,75,84,76,62,65
LACR,TTO,Trinidad and Tobago,DTP1,95,98,97,99,96,97,98,93,94,97,96,96,95,91,90,93,98,98,93,98,91,90,92,94,96,96,96,95,93,95,94,94,91,94,92,88,91,85,82,77,83,51
MENA,TUN,Tunisia,DTP1,99,99,98,98,99,99,98,98,99,99,98,98,99,99,99,99,98,97,96,96,99,99,99,97,98,98,97,97,97,98,97,97,97,97,94,89,88,86,83,,,
ECAR,TUR,Türkiye,DTP1,95,99,99,99,98,99,98,97,99,97,98,98,97,97,98,92,92,86,76,82,95,92,92,93,92,89,86,95,91,91,89,94,92,95,95,70,78,79,79,80,84,67
ECAR,TKM,Turkmenistan,DTP1,99,99,99,99,99,99,99,99,99,98,98,99,98,98,99,99,99,98,96,99,96,97,99,99,98,98,97,96,90,94,,,,,,,,,,,,
EAPR,TUV,Tuvalu,DTP1,99,99,99,99,99,99,99,99,99,99,99,99,97,99,99,99,99,99,99,99,99,93,84,98,91,98,95,99,94,88,90,99,95,96,81,90,76,62,92,89,73,61
ESAR,UGA,Uganda,DTP1,97,94,96,97,99,99,97,93,92,92,91,87,96,87,93,85,90,88,86,84,82,80,78,79,79,80,81,82,80,77,75,72,70,67,55,45,36,36,36,33,29,
ECAR,UKR,Ukraine,DTP1,91,93,89,87,65,42,59,59,76,76,50,52,71,90,99,99,99,99,99,99,99,99,99,98,99,99,98,98,97,96,,,,,,,,,,,,
MENA,ARE,United Arab Emirates,DTP1,96,90,99,99,97,99,99,99,98,96,95,94,95,96,97,97,97,96,96,96,96,96,96,97,97,96,96,96,96,95,95,95,94,94,93,92,91,81,74,68,70,32
Non-programme,GBR,United Kingdom,DTP1,97,97,97,98,98,98,98,98,98,98,98,98,97,97,97,97,97,97,97,97,97,97,97,97,97,97,97,97,97,97,96,94,92,91,90,86,85,85,81,77,71,66
ESAR,TZA,United Republic of Tanzania,DTP1,82,88,91,91,93,95,97,99,99,99,96,98,90,88,89,94,95,99,99,96,95,92,90,96,92,94,93,94,94,94,93,92,91,95,92,90,86,80,76,74,78,81
Non-programme,USA,United States,DTP1,97,97,97,97,97,98,98,98,98,97,98,98,98,99,99,99,99,99,99,97,98,99,99,98,98,98,98,97,96,94,95,96,97,98,98,98,98,98,98,98,98,98
LACR,URY,Uruguay,DTP1,95,98,99,96,97,97,99,99,98,98,99,98,99,98,98,99,99,98,98,99,99,92,94,95,97,97,97,97,97,97,98,98,96,94,95,88,84,83,90,86,80,77
ECAR,UZB,Uzbekistan,DTP1,99,96,96,99,99,99,99,99,99,99,99,99,99,99,98,96,99,99,99,99,99,99,99,99,98,98,96,86,83,94,,,,,,,,,,,,
EAPR,VUT,Vanuatu,DTP1,71,84,96,94,92,94,90,94,92,90,88,86,84,82,80,78,79,80,82,83,84,85,87,88,89,86,90,90,95,91,94,91,82,80,79,56,55,53,52,46,,
LACR,VEN,Venezuela (Bolivarian Republic of),DTP1,73,73,85,84,95,97,98,88,90,90,90,90,86,87,70,79,98,93,88,79,82,92,99,90,82,80,87,84,87,86,84,84,80,79,80,80,73,58,80,77,77,79
EAPR,VNM,Viet Nam,DTP1,87,96,96,78,98,96,98,95,83,99,97,93,97,97,92,94,98,98,99,85,99,97,97,98,98,97,97,97,97,96,96,96,96,88,74,68,67,24,22,,,
MENA,YEM,Yemen,DTP1,82,83,81,75,76,76,77,82,82,77,79,84,84,85,88,86,88,89,77,72,87,88,84,75,65,72,69,58,77,74,61,94,79,61,41,35,33,27,24,22,21,18
ESAR,ZMB,Zambia,DTP1,94,88,94,94,95,96,97,96,86,86,87,92,96,95,93,92,92,93,93,94,94,94,94,94,94,94,97,96,95,94,94,97,94,94,94,86,86,81,73,,,
ESAR,ZWE,Zimbabwe,DTP1,93,93,94,94,94,94,94,98,98,99,99,95,87,89,86,83,80,77,79,81,83,84,86,88,95,96,96,95,95,95,95,96,95,95,94,91,84,82,77,71,64,
